Date,Mkt-RF,SMB,HML,RMW,CMA,RF,QMJ,BAB,UMD,Momentum ,TSMOM,Carry,ESG,E,S,G
1963/7/1,-0.39,-0.44,-0.89,0.68,-1.23,0.27,0.684436194,0.812285495,0.270104642,0.97,,,,,1.435945,2.210925
1963/8/1,5.07,-0.75,1.68,0.36,-0.34,0.25,-0.9914621,-1.215830219,1.591270043,1.01,,,,,1.6771375,-0.9818742
1963/9/1,-1.57,-0.55,0.08,-0.71,0.29,0.27,0.623597154,1.068651057,-1.057191038,0.19,,,,,0.3940575,-0.7984617
1963/10/1,2.53,-1.37,-0.14,2.8,-2.02,0.29,2.001581951,-1.875605282,2.801265101,3.12,,,,,0.314545,4.155985
1963/11/1,-0.85,-0.89,1.81,-0.51,2.31,0.27,-0.862888242,-0.519820304,-1.80706475,-0.74,,,,,4.1817408,-0.8930108
1963/12/1,1.83,-2.07,-0.08,0.03,-0.04,0.29,0.317778449,0.012884493,1.796375251,1.75,,,,,-1.4273475,0.259355
1964/1/1,2.24,0.11,1.47,0.17,1.51,0.3,0.480655593,0.612817006,1.057534438,0.86,,,,,1.795315,1.936055
1964/2/1,1.54,0.3,2.74,-0.05,0.9,0.26,-0.439578296,-0.501539108,0.78377812,0.26,,,,,0.3525142,1.6516425
1964/3/1,1.41,1.36,3.36,-2.21,3.19,0.31,-1.460262414,-0.188250649,0.615571124,0.75,,,,,-5.48336,1.63855
1964/4/1,0.1,-1.59,-0.58,-1.27,-1.04,0.29,1.443069562,2.525903893,-0.247511016,-0.58,,,,,-0.20354,1.6243092
1964/5/1,1.42,-0.64,1.82,-0.16,0.14,0.26,-0.011122548,0.520341133,2.640325735,2.57,,,,,0.025795,1.8755975
1964/6/1,1.27,0.31,0.63,-0.28,-0.15,0.3,-0.308866121,0.786500166,-0.053363788,0.46,,,,,0.666585,-0.473475
1964/7/1,1.74,0.47,0.75,0.04,1.94,0.3,0.687090372,2.16441241,-0.569683043,-0.32,,,,,-2.5898158,-3.4214417
1964/8/1,-1.44,0.42,0.08,0.15,0.33,0.28,-0.061833952,0.937714229,-0.413261595,-0.22,,,,,-2.1574008,-1.8918525
1964/9/1,2.69,-0.33,1.7,-0.54,0.61,0.28,-0.271663921,-1.839643727,-1.698243032,-0.41,,,,,1.9781308,0.1958508
1964/10/1,0.59,0.91,1.17,-0.38,0.43,0.29,-0.537737379,0.616234382,-0.071099063,0.08,,,,,1.1154783,-0.9251767
1964/11/1,0,-0.15,-1.96,0.62,-0.26,0.29,0.57299278,1.992960292,0.899891846,1.03,,,,,-0.1754075,0.3663725
1964/12/1,0.03,-0.7,-2.48,1.04,-1.48,0.31,0.684925187,-0.033566176,-1.13155803,-0.74,,,,,3.1954842,-2.4010892
1965/1/1,3.54,2.44,0.12,0.89,0.1,0.28,-0.741667561,0.062177324,-1.10859806,-1.44,,,,,-6.0331233,0.5484592
1965/2/1,0.44,3.29,0.11,0.2,-0.65,0.3,-1.179361028,-0.087994261,0.374043184,0.32,,,,,0.5609042,2.022385
1965/3/1,-1.34,2.11,1.03,-0.36,0.72,0.36,-0.401137454,-0.465641207,0.515983755,0.15,,,,,-1.8400058,-0.4717533
1965/4/1,3.11,1.11,0.66,0.41,-2.27,0.31,-0.623770229,-0.443026601,2.45204961,2.63,,,,,-0.6022858,-2.34409
1965/5/1,-0.77,0.13,-1.61,-0.4,0.5,0.31,-0.033971725,-0.013062729,0.722704199,0.6,,,,,-0.3725425,1.1519067
1965/6/1,-5.51,-4.28,0.59,0.21,0.37,0.35,1.218535414,0.078725552,-3.208468524,-3.13,,,,,-0.9891667,1.6623225
1965/7/1,1.43,1.07,2.14,-1.37,0.03,0.31,-0.695926425,-0.961776685,4.359438873,4.12,,,,,-0.50488,1.8721683
1965/8/1,2.73,2.71,-1.02,1.9,-0.74,0.33,-0.677235552,-1.943938315,3.085156969,2.58,,,,,-1.032905,-0.0206583
1965/9/1,2.86,0.62,-0.12,-0.89,0.8,0.31,-0.16017426,-1.258523424,3.079811746,3.3,,,,,3.8916275,1.6342275
1965/10/1,2.6,3.47,1.57,1.17,-0.65,0.31,0.052886373,-1.741227388,3.484736852,3.46,,,,,0.1672042,1.7715783
1965/11/1,-0.03,5.18,0.1,-1.01,-0.94,0.35,-1.176904648,-2.061842103,5.289880404,4.45,,,,,3.4521717,-2.1484008
1965/12/1,1.01,2.66,2.02,-1.14,-0.53,0.33,-1.135493496,-0.107659249,0.225431262,0.12,,,,,-0.2490033,-2.46652
1966/1/1,0.72,4.67,3.53,-2.82,-0.11,0.38,0.092631271,1.352845489,5.235090057,5.39,,,,,-1.8458008,2.08455
1966/2/1,-1.21,4.71,0.29,-0.17,-1.49,0.35,-1.805885604,-1.696873417,4.829644899,4.57,,,,,2.6826592,-1.1912808
1966/3/1,-2.51,0.32,-2,1.3,0.06,0.38,-0.24896425,0.371218868,1.969654522,1.42,,,,,-0.3123483,1.54839
1966/4/1,2.14,3.34,-0.47,0.39,-0.95,0.34,-0.616031245,-1.098118307,5.508723015,6.28,,,,,3.8593125,1.2424675
1966/5/1,-5.66,-5.1,-1.61,1.64,-1.52,0.41,2.799710849,0.014267766,-5.199039715,-4.7,,,,,0.3107075,1.4649142
1966/6/1,-1.44,1.37,0.49,0.15,0.78,0.38,-1.191435329,-1.365848191,3.730340435,3.25,,,,,2.5283008,0.3717583
1966/7/1,-1.63,-0.48,0.99,-0.4,1.82,0.35,0.751371928,-0.016511378,-0.884185746,-1.4,,,,,-1.9559567,3.4675383
1966/8/1,-7.91,-3.14,0.44,-0.12,0.79,0.41,1.704913517,-3.000515199,-2.100146249,-2.14,,,,,1.2202683,-1.02039
1966/9/1,-1.06,-1.14,0.51,-1.79,2.33,0.4,0.511079644,1.2579034,-2.033694926,-1.84,,,,,1.7439717,3.0237533
1966/10/1,3.86,-6.45,2.68,-3.48,4.24,0.45,-0.360149702,2.142210342,-5.926040761,-5.26,,,,,-4.9580958,2.28333
1966/11/1,1.4,3.47,-4.77,4.15,-6.69,0.4,0.362078406,-5.292544312,7.078916621,5.72,,,,,0.23745,1.700765
1966/12/1,0.13,2.16,-1.32,0.64,-0.45,0.4,-1.27204971,-0.744980202,0.778523898,1.06,,,,,0.3168942,0.6448767
1967/1/1,8.15,9.07,2.25,0.93,-3.13,0.43,-3.385812743,1.399194477,-5.181970276,-6.93,,,,,-3.4730717,-3.4835008
1967/2/1,0.78,3.05,-2.18,2.05,-0.96,0.36,-0.669415487,2.617220066,3.128436791,3.52,,,,,-0.3911783,-1.1137708
1967/3/1,3.99,1.73,0.54,0.98,-1.45,0.39,-0.6887627,0.806739781,1.108368638,1.53,,,,,-2.563065,-0.1701983
1967/4/1,3.89,0.42,-2.45,2.38,-3.64,0.32,2.730439596,1.706213989,0.834121613,0.59,,,,,-0.4272525,-1.8272925
1967/5/1,-4.33,2.19,1.18,-1.7,1.81,0.33,0.805264797,2.00809638,0.459358358,0.72,,,,,2.7966058,0.4211108
1967/6/1,2.41,6.41,0.85,-0.64,-2.41,0.27,-0.918980386,-1.634366316,5.756864138,6,,,,,-4.018475,-2.1082258
1967/7/1,4.58,3.52,2.72,0.52,2.7,0.31,0.366115833,4.559788926,-0.928367051,-1.03,,,,,0.4563058,-1.223965
1967/8/1,-0.89,0.67,1.52,0.36,1.45,0.31,0.50234977,2.266102687,-0.927058536,-1.38,,,,,3.2487058,-0.2707975
1967/9/1,3.11,2.42,-2.42,0.23,-0.95,0.32,1.346718742,2.129920878,2.466042281,2.52,,,,,4.4407275,0.1585592
1967/10/1,-3.09,0.47,-3.22,1.07,-2.62,0.39,1.052891025,-0.03654961,3.424917296,3.67,,,,,-2.44551,1.6442342
1967/11/1,0.37,-0.06,-1.69,1.35,-2.34,0.36,-0.083774009,-0.751137317,1.319293634,1.26,,,,,4.4685883,0.3575408
1967/12/1,3.05,5.78,-0.63,-0.82,0.13,0.33,-1.618151768,0.19629316,2.659358458,3.25,,,,,-1.2036817,-0.0151358
1968/1/1,-4.06,4.48,4.84,-4.59,6.46,0.4,-0.357892375,6.29245381,-4.82219405,-4.7,,,,,-4.6756425,2.9684892
1968/2/1,-3.75,-2.92,1.33,-0.14,2.45,0.39,2.056341915,2.130761571,-2.974778653,-3.43,,,,,-1.7747742,2.4469017
1968/3/1,0.2,-1.6,-0.59,1.06,-1.1,0.38,0.164935917,-1.584106957,2.739873698,3.23,,,,,-2.1467425,-0.327175
1968/4/1,9.05,6.18,-1.17,2.7,-3.65,0.43,-2.010790591,0.169513877,4.305188046,5.09,,,,,-0.9165458,-4.5152925
1968/5/1,2.28,7.1,0.66,0.31,-1.92,0.45,-0.388798486,1.813854879,2.804668324,3.8,,,,,-2.22079,-0.3500608
1968/6/1,0.69,-0.36,0.83,-1.31,2.76,0.43,-0.436122249,6.892706472,-1.88461984,-1.9,,,,,-0.5054875,0.894595
1968/7/1,-2.72,-1.42,5.39,-3.14,3.64,0.48,1.280087424,2.474871913,-1.289090634,-0.88,,,,,-0.2270192,4.4242992
1968/8/1,1.34,2.26,1,-0.7,0.45,0.42,-0.41196941,0.146199785,2.120735868,1.89,,,,,-2.5907342,-0.4437242
1968/9/1,4.03,2.84,0.3,-1.99,0.88,0.43,-3.188301546,0.71084155,-0.930289911,-0.65,,,,,0.9227725,-1.3353158
1968/10/1,0.42,-0.38,2.86,-1.32,2.53,0.44,-0.009321472,3.220959274,-1.750919723,-1.46,,,,,0.5184908,-1.289885
1968/11/1,5.43,2.41,-0.93,0.43,-2.26,0.42,-1.4073137,2.570838404,-0.095120131,1.75,,,,,2.7483658,-1.0371325
1968/12/1,-3.94,3.56,-0.01,-1.86,1.7,0.43,-0.281150694,1.045095688,0.343232651,-0.01,,,,,-6.5429675,-0.297095
1969/1/1,-1.25,-0.45,1.68,-1.55,1.37,0.53,-0.567672355,0.687733671,0.115089063,-0.17,,,,,-2.6801833,1.2026608
1969/2/1,-5.84,-4.17,0.9,2.07,0.78,0.46,4.177811511,-0.307086839,-2.426246874,-2.36,,,,,1.6231033,3.904705
1969/3/1,2.64,-0.42,-0.52,-1.42,-0.46,0.46,0.165991991,-1.764079094,4.193007425,3.97,,,,,1.4477867,1.53245
1969/4/1,1.46,-0.83,-0.03,0.41,0.23,0.53,0.721215263,-0.483087514,1.310137004,1.13,,,,,0.9032567,0.0557325
1969/5/1,-0.1,-0.11,0.72,-0.95,1.25,0.48,1.3934805,1.763633554,2.304338132,1.7,,,,,-1.28305,1.0856433
1969/6/1,-7.18,-5.5,-1.09,4.32,-1.53,0.51,4.590544074,-1.309498026,-1.980825358,-2.3,,,,,0.9481042,4.2673517
1969/7/1,-7,-3.39,1.18,1.45,1.93,0.53,2.704684062,-1.044826915,1.341411272,1.7,,,,,-3.3608525,2.7061867
1969/8/1,4.68,0.66,-3.77,1.17,-4.04,0.5,-0.143399456,-1.314438671,1.88940085,2.17,,,,,1.0485858,-4.1299908
1969/9/1,-2.98,1.24,-3.19,3.45,-0.77,0.62,3.833273292,0.1183187,2.220721032,2.52,,,,,-4.4072992,-2.066995
1969/10/1,5.06,3.91,-3.1,0.12,-2.14,0.6,-1.619666223,1.196407264,-2.801955235,-4.31,,,,,-5.4294592,-5.4801033
1969/11/1,-3.79,-2.45,-1.21,1.45,0.28,0.52,2.82656469,-0.375037084,3.898126359,3.66,,,,,-2.4359617,0.0608217
1969/12/1,-2.63,-3.77,-2.84,2.54,-1.78,0.64,4.048694353,0.566342209,4.973826801,4.96,,,,,-1.1308975,0.7645092
1970/1/1,-8.1,3.13,3.12,-1.71,3.85,0.6,1.799384292,0.983384213,1.423797599,0.6,,,,,-3.95041,-0.0605992
1970/2/1,5.13,-2.74,3.93,-2.32,2.74,0.62,-2.488173634,2.61454647,-0.610495514,0.23,,,,,1.1184025,0.6857008
1970/3/1,-1.06,-2.4,3.99,-1.01,4.32,0.57,0.810725094,4.181468549,-1.133464337,-0.36,,,,,-0.4305783,2.773025
1970/4/1,-11,-6.37,6.17,-0.69,6.26,0.5,3.903967943,1.389375509,0.838814819,-0.77,,,,,-2.7228533,7.6606575
1970/5/1,-6.92,-4.45,3.32,-1.25,3.92,0.53,0.682012825,-4.987484127,-2.445220181,-2.78,,,,,-3.3969067,6.2201692
1970/6/1,-5.79,-2.21,0.6,0.13,2.97,0.58,3.69835622,4.392072737,4.716464318,5.7,,,,,-6.2643267,1.9980017
1970/7/1,6.93,-0.62,0.91,-0.25,1.81,0.52,-0.19963674,3.396370649,-3.641855152,-3.14,,,,,0.0225083,5.1255425
1970/8/1,4.49,1.53,1.27,0.56,-0.19,0.53,-2.0603997,-1.093807505,-7.208884663,-6.55,,,,,7.4279133,-0.1866742
1970/9/1,4.18,8.5,-5.52,0.3,-5.84,0.54,-3.175566457,-5.481686171,-9.096156631,-8.8,,,,,1.3045708,-7.4182767
1970/10/1,-2.28,-4.43,0.21,1.71,2.32,0.46,4.050491506,4.328413159,7.92935701,9.42,,,,,-4.7638517,1.1786717
1970/11/1,4.6,-3.86,1.7,1.56,1.48,0.46,0.940314752,4.368870263,2.512834317,2.73,,,,,-1.0371308,3.0922717
1970/12/1,5.72,2.93,0.99,0.24,0.29,0.42,-0.82188375,6.050445322,-2.521587108,-2.23,,,,,3.5533533,-0.2341617
1971/1/1,4.84,7.54,1.48,-1.99,0.06,0.38,-4.367871321,-1.541169602,-4.633014228,-6.51,,,,,1.3759292,-1.7544258
1971/2/1,1.41,2.04,-1.27,0.58,-0.69,0.33,1.374100935,-0.280592264,-0.330950771,0.79,,,,,-0.7251017,-1.3727475
1971/3/1,4.13,2.26,-4.03,1.83,-2.7,0.3,0.911206029,0.063456538,-1.12926362,-1.41,,,,,-0.308895,-1.6295517
1971/4/1,3.15,-0.35,0.81,-1.46,0.89,0.28,-1.059683981,-0.267315611,2.9959405,1.41,,,,,-0.8746725,-2.1320767
1971/5/1,-3.98,-1.11,-1.41,1.39,0.24,0.29,1.669210717,-0.422710531,1.172692419,0.86,,,,,2.0499917,-1.9124467
1971/6/1,-0.1,-1.49,-1.94,1.55,-1.65,0.37,0.698813179,1.550253377,2.980142421,2.73,,,,,-1.686155,-2.4900225
1971/7/1,-4.5,-1.42,-0.01,0.57,1.49,0.4,2.633372797,1.522789084,-2.34229962,-2.37,,,,,-2.67987,0.3767225
1971/8/1,3.79,-0.15,2.64,-0.45,2.63,0.47,-2.730416245,-0.036235606,3.744669272,3.61,,,,,0.94168,1.79859
1971/9/1,-0.85,0.28,-2.91,2.55,-1.59,0.37,2.260370334,0.08308738,2.090131282,2.12,,,,,-1.3482033,-1.3605208
1971/10/1,-4.42,-1.59,-0.48,1.58,-1.38,0.37,2.638661311,0.840297829,0.573296688,0.47,,,,,0.4015292,0.9740375
1971/11/1,-0.46,-2.87,-1.7,2.41,-0.33,0.37,1.78672522,-0.055389085,1.482282008,1.51,,,,,-2.6030525,1.633945
1971/12/1,8.71,3.25,-0.41,-0.39,-1.73,0.37,-1.422516689,2.983233299,-0.506703639,-0.58,,,,,-2.5494983,-1.08096
1972/1/1,2.49,6.12,2.27,-1.68,0.52,0.29,-1.568134512,-4.231655934,-0.206161227,0.17,,,,,0.8688625,1.8677908
1972/2/1,2.87,0.89,-2.77,1.63,-0.53,0.25,1.121852058,-0.338027966,3.348472086,2.54,,,,,-3.3871108,-3.6036983
1972/3/1,0.63,-0.47,-1.63,1.61,-0.15,0.27,0.560682669,1.304495979,3.080828947,2.94,,,,,0.6282092,0.0897025
1972/4/1,0.29,0.2,0.1,-0.45,-1,0.29,-0.150431387,-0.298927001,2.7957134,2.81,,,,,-6.4743817,-2.1282858
1972/5/1,1.25,-3.12,-2.72,2.38,-1.92,0.3,3.498309346,1.021314945,3.085440922,3.29,,,,,-4.122755,-1.6822717
1972/6/1,-2.43,-0.47,-2.49,1.81,-0.34,0.29,2.876232573,0.064327083,1.852808312,1.9,,,,,-4.0826225,-1.5093917
1972/7/1,-0.8,-2.77,0.66,1.14,-0.65,0.31,2.259551074,1.447295771,2.987987758,2.7,,,,,1.237025,1.8770025
1972/8/1,3.26,-3.48,4.53,-1.95,2.88,0.29,-1.305238378,2.284684671,-5.391694572,-5.4,,,,,3.5819208,3.8339625
1972/9/1,-1.14,-2.22,0.47,1.72,-1.97,0.34,1.62080085,0.29828122,1.59960351,1.82,,,,,0.1787167,-0.6865542
1972/10/1,0.52,-2.54,1.35,-0.15,-0.02,0.4,0.255953612,2.449237095,1.157782397,0.71,,,,,1.95778,-1.632295
1972/11/1,4.6,-0.63,4.83,-1.98,3.34,0.37,-2.420535709,3.04182566,-4.74254836,-5.09,,,,,-1.2126917,0.5234683
1972/12/1,0.62,-1.9,-2.19,2.58,-2.15,0.37,3.062284856,1.543685885,5.352408896,4.92,,,,,1.1604292,0.245435
1973/1/1,-3.29,-2.82,2.68,0.38,0.9,0.44,2.911496736,-0.846153026,3.725896687,3.73,,,,,0.2989542,5.9101408
1973/2/1,-4.85,-3.9,1.6,-0.25,0.02,0.41,1.372466176,-0.023624678,0.769940394,2.16,,,,,-5.7721825,1.0898458
1973/3/1,-1.3,-2.33,2.62,-1.04,0.64,0.46,-0.434321943,-0.605457304,3.654600437,3.59,,,,,-2.1550717,0.8251742
1973/4/1,-5.68,-2.95,5.42,-1.65,2.73,0.52,1.120957889,1.285174283,6.386051204,6.36,,,,,1.7574933,5.0265033
1973/5/1,-2.94,-6.18,0.41,1.94,-1.51,0.51,2.065273232,0.709877651,5.376077864,7.14,,,,,-1.0572175,1.3510892
1973/6/1,-1.57,-2.51,1.19,-0.27,0.21,0.51,1.615021726,-0.785561027,4.446824122,4.3,,,,,0.4078567,1.5802017
1973/7/1,5.05,7.26,-5.26,-0.05,-3.27,0.64,-2.444661576,-3.944356064,-10.83491779,-11.57,,,,,3.0866575,-10.4248583
1973/8/1,-3.82,-1.79,1.06,-1.28,1.29,0.7,-0.186971876,-0.267377214,3.217512689,3.46,,,,,-0.1253683,0.88828
1973/9/1,4.75,3.57,2.24,-2.3,1.75,0.68,-5.199871096,2.244693996,-5.22925841,-7,,,,,7.51199,-6.82204
1973/10/1,-0.83,-0.3,1.6,-1.83,2.68,0.65,0.915596156,1.350751568,6.629771044,6.87,,,,,-1.6567908,6.7761183
1973/11/1,-12.75,-7.27,3.99,-2.58,1.69,0.56,2.025668766,-4.121837427,6.248145113,8.66,,,,,-0.1883017,7.9795
1973/12/1,0.61,-4.66,3.94,-2.69,2.41,0.64,-2.160797565,1.59660762,8.477286025,10.38,,,,,-0.0795892,0.92813
1974/1/1,-0.17,10.39,6,-3.18,4.48,0.63,-3.318770422,-2.047844192,-8.969105125,-8.85,,,,,1.5082575,-3.5049958
1974/2/1,-0.47,0.12,2.5,-1.87,2.62,0.58,-2.08499896,2.372027716,0.911457082,0.32,,,,,1.8471225,-0.1010133
1974/3/1,-2.81,2.61,-0.12,2.79,0.45,0.56,3.143365691,0.630253339,-1.889989135,-1.05,,,,,1.2962017,1.9210633
1974/4/1,-5.29,-0.69,0.87,2.88,2.08,0.75,3.254994394,-3.476740192,2.226237889,2.11,,,,,-2.5827158,-0.0812592
1974/5/1,-4.68,-3.08,-2.07,4.93,-0.4,0.75,4.473472744,-1.596128987,-1.527175961,-0.39,,,,,-4.6187442,-2.7443758
1974/6/1,-2.83,0.02,0.79,0.62,2.9,0.6,1.700974045,-0.370936333,2.143425534,2.31,,,,,-3.5823642,3.4400208
1974/7/1,-8.05,1.92,5.17,-3.26,4.6,0.7,-1.500770318,-0.279798736,2.505554397,3.09,,,,,4.6586525,4.4366758
1974/8/1,-9.35,0.26,2.64,-0.28,2.6,0.6,0.154159226,-4.774567025,3.201601097,3,,,,,3.5309125,3.7059692
1974/9/1,-11.77,1.48,5.59,-4.43,5.92,0.81,-2.379067476,-1.094607954,4.647323517,4.24,,,,,7.80451,5.5358967
1974/10/1,16.1,-6.82,-9.88,-0.22,-2.87,0.51,1.513459056,4.575053003,-0.493287254,-0.54,,,,,-4.2393625,-0.4173658
1974/11/1,-4.51,-1.48,-0.2,-3.35,2.94,0.54,-1.333282858,-1.465507346,2.882581705,2.14,,,,,-1.0569992,-0.77394
1974/12/1,-3.45,-4.35,0.11,-0.69,3.26,0.7,1.012945724,-2.667862935,2.891510507,2.92,,,,,-0.15498,5.1919842
1975/1/1,13.66,12.92,8.27,-0.76,-0.92,0.58,-5.767463579,4.835227597,-13.1372775,-13.82,,,,,0.8983483,-7.3367842
1975/2/1,5.56,-0.65,-4.44,1.15,-2.12,0.43,2.751391675,-0.690963233,-1.003023775,-0.6,,,,,-1.0548042,-1.2311808
1975/3/1,2.66,3.99,2.39,1.23,-1.31,0.41,0.013745709,-4.062471769,-2.266038747,-2.04,,,,,-6.073635,-5.8186692
1975/4/1,4.23,-0.72,-1.13,1.42,-1.35,0.44,2.90346352,1.148083941,1.753119562,1.38,,,,,0.5324242,-2.2426258
1975/5/1,5.19,2.89,-4.1,-0.99,-0.61,0.44,-1.709081223,1.392871778,-0.423454502,-0.58,,,,,3.83952,-1.2160617
1975/6/1,4.83,1.42,1.4,-2.66,1.1,0.41,-3.6739298,2.946217545,-0.526756249,0.02,,,,,3.1877725,0.8021842
1975/7/1,-6.59,3.44,1.69,0.46,1.23,0.48,-0.647874916,4.014920658,0.127656809,0.45,,,,,1.29539,3.1647317
1975/8/1,-2.85,-2.84,-0.94,1.12,-0.93,0.48,2.004935444,-0.291825702,0.110671707,-0.1,,,,,3.0661933,2.1391308
1975/9/1,-4.26,0.05,0.43,0.53,0.55,0.53,1.498458417,2.559949818,0.708121041,0.41,,,,,-0.5063358,2.7549458
1975/10/1,5.31,-4.22,0.27,-0.48,2.2,0.56,0.019466607,1.940718323,0.814705204,-0.16,,,,,-2.5842983,-2.8344575
1975/11/1,2.64,-1.1,2.05,-0.68,1.78,0.41,-0.173347968,1.473505843,-0.460544959,-0.45,,,,,-2.8197783,-1.4701233
1975/12/1,-1.6,-0.05,1.69,-0.09,0.58,0.48,-1.431763794,-1.80060982,-0.48791288,-0.11,,,,,0.5951,2.5251142
1976/1/1,12.16,6.32,8.57,-1.79,2.27,0.47,-2.836332941,2.537268037,3.69333732,4.45,,,,,2.082215,0.0697525
1976/2/1,0.32,7.98,5.82,-2.6,3.83,0.34,-2.467594303,0.663634131,-0.272277577,0.38,,,,,4.4009117,3.3443967
1976/3/1,2.32,-1.39,-0.11,-0.33,0.94,0.4,0.140152521,-0.451334085,0.266632993,0.15,,,,,1.9171892,-2.091105
1976/4/1,-1.49,0.08,-0.14,0.4,-1.08,0.42,-0.862174025,2.501400777,0.373781714,0.59,,,,,-0.396195,2.0339925
1976/5/1,-1.34,-1.1,-1.35,2.45,-1.4,0.37,1.279795133,0.210762855,-1.036127617,-1.12,,,,,2.1606383,3.3279008
1976/6/1,4.05,-1.07,0.69,-0.67,1.01,0.43,-1.373900221,-1.335561066,-0.199709666,-0.42,,,,,4.8817333,1.2783675
1976/7/1,-1.07,0.63,1.73,-1.05,0.28,0.47,-0.196914613,1.865967028,0.118047844,-0.13,,,,,-3.0987417,1.2797667
1976/8/1,-0.56,-1.98,0.81,-0.41,-0.55,0.42,-0.149046987,1.383446979,-0.475230063,-0.85,,,,,-2.1588342,-1.2550383
1976/9/1,2.07,0.1,-0.29,0.98,-1.15,0.44,0.819404069,1.724659234,0.424783567,0.22,,,,,0.1446758,1.4611717
1976/10/1,-2.42,0.13,-0.18,-0.19,-0.37,0.41,-0.088486692,1.117430886,-0.171595709,-0.44,,,,,0.7162925,0.1534367
1976/11/1,0.36,2.66,1.51,-1.41,0.09,0.4,-2.005738579,0.44982948,2.227768856,2.89,,,,,4.614965,-0.1034117
1976/12/1,5.65,3.64,2.27,-0.62,2.28,0.4,-0.886005828,3.16607207,0.464526187,0.73,,,,,1.1960075,1.7009158
1977/1/1,-4.05,5.9,4.27,-0.51,1.97,0.36,-2.627740017,4.07226533,4.018942167,4.01,,,,,4.0491033,2.8350142
1977/2/1,-1.94,1.07,0.47,-0.16,-0.22,0.35,2.074894586,2.488883164,0.152832654,0.36,,,,,-0.8395808,-0.1543392
1977/3/1,-1.37,1.31,1.09,-0.3,-0.06,0.38,-0.847717011,1.229904945,0.561431621,0.55,,,,,1.4467142,-0.7481133
1977/4/1,0.15,0.61,3.38,-2.02,1.14,0.38,-1.734602873,1.055662315,3.875962968,4.21,,,,,0.3388575,1.1180767
1977/5/1,-1.45,1.31,0.85,0.33,0.19,0.37,-0.700317655,1.035318252,2.155320266,2.03,,,,,-0.226415,0.1852908
1977/6/1,4.71,2.08,-0.74,0.91,-1.2,0.4,-0.833277489,-0.222856703,1.649902931,1.66,,,,,2.5709675,0.2887442
1977/7/1,-1.69,1.88,-0.57,0.74,0.09,0.42,0.918374926,2.860288801,0.181603115,0.36,,,,,-1.9546267,1.2803092
1977/8/1,-1.75,0.86,-2.73,0.99,-0.69,0.44,3.053998797,0.343674649,-1.774578511,-1.7,,,,,-3.8454708,-0.6618042
1977/9/1,-0.27,1.43,-0.46,1.45,-0.84,0.43,0.350445105,0.411782678,2.421079763,2,,,,,-1.4938975,-0.7252283
1977/10/1,-4.38,1.48,1.81,-0.19,-0.29,0.49,1.051249669,0.183007816,-0.032696952,-0.08,,,,,-0.3152967,1.8714133
1977/11/1,4,3.64,0.23,-0.13,0.71,0.5,-0.643568657,0.279532381,2.106397893,2.01,,,,,1.4977933,-2.1181833
1977/12/1,0.27,1.59,-0.3,0.91,-0.69,0.49,0.370811576,2.369207843,1.551105877,1.58,,,,,-0.00161667,0.9850883
1978/1/1,-6.01,2.72,3.36,-1.7,1.52,0.49,-1.083140316,0.234317433,-0.255533581,-0.66,,,,,-0.7081517,1.0166792
1978/2/1,-1.38,3.7,0.83,0.33,1.04,0.46,-0.04273206,1.490645424,1.791972073,1.97,,,,,-0.3424067,-0.93399
1978/3/1,2.85,3.71,1.16,-0.59,1.88,0.53,-1.432480096,1.633305473,0.913575001,1.37,,,,,-2.3589417,-5.0868133
1978/4/1,7.88,-0.27,-3.57,2.83,-1.29,0.54,3.029319085,3.206380157,-0.514256685,0.86,,,,,0.5065817,2.2213608
1978/5/1,1.76,4.58,-0.53,0.24,0.37,0.51,0.529382059,2.21198083,1.931188787,2.83,,,,,-1.6732308,-2.7120367
1978/6/1,-1.69,1.56,0.57,-1.41,-0.03,0.54,-0.319604498,2.099444303,2.103905246,2.75,,,,,-0.9523742,0.0370508
1978/7/1,5.11,0.13,-1.11,1.55,-0.79,0.56,1.27042162,0.373601099,3.88375276,4.18,,,,,0.7570383,0.3254042
1978/8/1,3.75,4.95,-0.57,1.41,0.44,0.56,0.638708109,4.649456452,2.503437552,2.83,,,,,2.3921333,-3.6290792
1978/9/1,-1.43,-0.31,1.86,-0.65,1.8,0.62,-0.977738798,2.389363133,-2.899125838,-3.14,,,,,-1.0237408,0.7986133
1978/10/1,-11.91,-10.07,1.39,0.18,0.99,0.68,3.360363072,-3.753185077,-8.796919564,-8.46,,,,,0.1639492,6.1495183
1978/11/1,2.71,2.85,-2.14,1.11,-1.19,0.7,-0.503136051,-4.213948207,5.249299954,5.47,,,,,-0.4542167,0.2108442
1978/12/1,0.88,1.12,-2.13,1.95,-1.38,0.78,2.384688901,0.219820754,3.035455208,3.03,,,,,0.4320158,1.5932925
1979/1/1,4.23,3.79,2.2,-2.49,1.51,0.77,-2.694630124,3.340400126,-1.797660961,-1.36,,,,,1.8201208,-3.2841417
1979/2/1,-3.56,0.54,1.14,-1.11,0.96,0.73,-0.888187668,1.036717526,-0.807057464,-1.06,,,,,-0.72851,2.6259683
1979/3/1,5.68,3.2,-0.73,0.51,0.28,0.81,-1.724187377,-1.353342449,3.173251364,2.93,,,,,-0.03837,0.2414717
1979/4/1,-0.06,2.4,1.08,1.11,0.21,0.8,0.953893342,1.128934352,0.927255747,0.81,,,,,0.5984075,-0.1888117
1979/5/1,-2.21,0.17,1.32,-1.55,-0.27,0.82,-1.528258966,-0.123253032,-0.648195978,-0.54,,,,,1.5624025,1.3646408
1979/6/1,3.85,0.99,1.39,-1.59,-0.47,0.81,-2.943184027,1.649201228,0.854137478,0.84,,,,,-0.415515,-1.889135
1979/7/1,0.82,1.27,1.86,-0.28,0.71,0.77,0.573462708,1.600372699,-0.903715434,-1.07,,,,,-1.1511483,-0.5384217
1979/8/1,5.53,1.92,-1.58,1.6,-1.47,0.77,0.99800281,1.95644853,0.439611878,-0.21,,,,,-1.5526192,-2.3773008
1979/9/1,-0.82,-0.33,-0.9,1,0.32,0.83,0.054701873,0.393788958,5.222096393,5.28,,,,,3.5180683,2.6545725
1979/10/1,-8.1,-3.51,-1.86,1,0.1,0.87,2.213434266,-4.702510011,2.11102141,2.01,,,,,0.564545,3.7821008
1979/11/1,5.21,2.53,-3.28,0.02,-2.12,0.99,-2.213108426,-1.600300223,7.690412353,8.14,,,,,-1.3921225,-2.379405
1979/12/1,1.79,4.32,-2.1,-0.72,-0.9,0.95,-1.256614497,0.835788154,4.757878146,4.78,,,,,-0.4639267,-1.6477358
1980/1/1,5.51,1.82,1.75,-1.69,1.71,0.8,-2.736992579,2.631074506,7.811847805,7.55,,,,,3.5289567,4.0778367
1980/2/1,-1.22,-1.58,0.61,0.07,2.7,0.89,-2.003906975,-1.532423849,8.922426854,7.88,,7.7056,,,3.2943392,6.2668917
1980/3/1,-12.9,-6.92,-1.01,1.45,-1.16,1.21,4.70304821,-4.709093422,-9.61125145,-9.55,,8.8175,,,-5.5022008,-0.4611317
1980/4/1,3.97,1.05,1.08,-2.06,0.27,1.26,-3.37208342,2.088137904,-0.117197105,-0.43,,2.6081,,,-5.4322142,0.9776492
1980/5/1,5.26,2.1,0.38,0.32,-0.32,0.81,0.691056593,3.648337295,-1.54790578,-1.12,,8.6309,,,-2.5272267,-3.1345758
1980/6/1,3.06,1.42,-0.76,-0.16,-1.28,0.61,-1.11458563,3.692803744,2.174292866,1.62,,12.529,,,0.611735,0.4954633
1980/7/1,6.49,3.82,-6.41,4.05,-2.38,0.53,3.513542286,-0.941845769,1.349289026,0.35,,4.8244,,,-0.1648183,-6.5928408
1980/8/1,1.8,4.26,-2.61,2.07,-0.87,0.64,-0.11854666,1.523630448,2.39480734,3.21,,7.7306,,,1.901875,0.9040325
1980/9/1,2.19,0.66,-4.58,1.9,-2.77,0.75,1.199826516,1.285969948,5.696431253,5.39,,-15.6468,,,3.2745233,0.7574367
1980/10/1,1.06,2.36,-2.79,1.69,-1.18,0.95,0.460150999,-0.218879534,6.463125712,7.3,,-0.1256,,,0.8988042,-1.1762692
1980/11/1,9.59,-3.31,-8.33,4.51,-5.71,0.96,1.000820423,-6.25604036,14.72807145,15.22,,-0.9399,,,8.1944458,1.7157392
1980/12/1,-4.52,-0.29,2.79,-1.29,1.23,1.31,0.893857724,0.915815148,-6.21994269,-6.68,,10.5945,,,-2.0898567,-3.315015
1981/1/1,-5.04,3.29,6.72,-3.53,4.35,1.04,-0.552084732,4.713816409,-7.830820517,-7.95,,5.1355,,,-3.7596258,-0.2181342
1981/2/1,0.57,-0.51,1.02,0.21,2.27,1.07,1.448044784,1.959999937,-0.724465058,-1.35,,-1.999,,,-1.4121342,3.0052
1981/3/1,3.56,3.03,0.64,-2.26,-0.52,1.21,-1.103819086,3.667121502,-0.174747913,0.74,,-2.2854,,,-0.4133217,-6.35369
1981/4/1,-2.11,4.59,2.28,0.83,1.22,1.08,1.336797926,5.669167905,-0.86383447,-0.91,,-1.876,,,-1.1714967,-4.8980108
1981/5/1,0.11,2.45,-0.42,0.3,-1.54,1.15,-1.499700498,-0.358077734,3.292408007,3.7,,-1.7543,,,-0.859395,-2.3747208
1981/6/1,-2.36,-0.95,5.13,-1.37,2.69,1.35,1.03928126,5.443389869,-5.441347549,-5.81,,-0.0196,,,-3.73425,5.5929733
1981/7/1,-1.54,-2.05,-0.49,1.26,-2.55,1.24,0.477958368,-1.336901948,-2.381252204,-2.45,,9.315,,,0.8651633,4.9223567
1981/8/1,-7.04,-1.81,4.79,-0.31,1.41,1.28,0.552308804,2.00313121,-1.291625831,-1.15,,-16.8897,,,0.3229408,2.43659
1981/9/1,-7.17,-2.44,5.17,0.12,2.61,1.24,0.716149765,-1.621666792,2.668717666,1.95,,9.5588,,,-3.4841975,-1.90559
1981/10/1,4.92,2.36,-4.21,3.14,-3.01,1.21,0.832175065,-1.937801126,3.831882724,4.01,,2.1453,,,-1.6568483,-0.40875
1981/11/1,3.36,-1.51,1.85,0.07,0.96,1.07,0.882388945,4.369903037,-0.691475287,-0.27,,7.1851,,,0.0645775,3.1760242
1981/12/1,-3.65,1.2,0.82,0.22,2.5,0.87,1.857226517,2.208744201,1.743486394,1.3,,2.4438,,,2.2940742,-0.5435792
1982/1/1,-3.24,-1.13,3.19,-1.49,1.92,0.8,0.118025855,0.023393024,1.578529671,1.72,,3.6088,,,-2.7079992,-2.013565
1982/2/1,-5.86,0.35,6.05,-3.43,4.56,0.92,0.391625114,3.022817029,5.289780335,4.88,,4.8598,,,-0.8957367,0.6446192
1982/3/1,-1.87,-0.04,3.83,-1.39,2.49,0.98,-0.617884031,1.643910166,3.107926401,2.96,,-0.2771,,,-5.0666825,3.9474067
1982/4/1,3.27,1.09,-2.7,1.56,-0.02,1.13,1.387608748,2.144158583,0.141644163,-0.4,,7.0198,,,-2.4571358,0.26227
1982/5/1,-3.99,0.64,1.76,0.88,-0.31,1.06,1.727734177,2.479976074,1.939507724,2.5,,11.6656,,,0.813825,2.058215
1982/6/1,-3.09,-0.52,1.55,0.01,2.7,0.96,0.706661607,-0.493625145,5.664391231,4.96,,-1.0977,,,-3.5359767,1.3797117
1982/7/1,-3.19,0.95,0.09,1.04,1.54,1.05,1.544879009,1.489342,4.337590842,4.44,,-2.1278,,,-0.9305367,3.1243708
1982/8/1,11.14,-4.33,0.93,-1.89,0.11,0.76,-1.612247961,-2.265322373,-3.169107844,-3.52,,-4.6358,,,1.4142908,-1.1964258
1982/9/1,1.29,2.62,0.27,2.14,-0.04,0.51,2.568422822,7.546412681,4.335645914,4.19,,5.3884,,,-2.6064508,2.3469742
1982/10/1,11.3,1.94,-3.67,0.29,-0.34,0.59,-1.60607448,2.781351359,0.254055393,0.18,,-6.2301,,,3.6449883,-6.3064142
1982/11/1,4.67,4.42,-1.85,-0.97,0.29,0.63,1.811729469,6.728884382,5.741384643,5.94,,-5.2913,,,4.70126,-5.7750142
1982/12/1,0.55,-0.07,0.01,-0.01,1.05,0.67,0.820428911,3.038658115,0.257667215,0.04,,6.3117,,,3.7337583,6.2994617
1983/1/1,3.6,3.33,-0.71,-1.55,-0.55,0.69,-2.227150138,2.682932059,-1.658279108,-1.74,,8.8202,,,3.4922225,-4.7156883
1983/2/1,2.59,2.93,0.7,-0.52,1.05,0.62,1.150922452,8.325791232,4.345513797,3.78,,-4.0406,,,-0.917055,-0.4611708
1983/3/1,2.82,1.38,2.01,-0.17,2.74,0.63,1.055407704,6.530886086,0.634751296,0.93,,-5.0749,,,-1.3037042,1.0527075
1983/4/1,6.67,0.47,0.51,-0.11,1.47,0.71,-0.647720325,4.66684694,2.005535472,1.72,,0.1589,,,1.2997367,4.2260675
1983/5/1,0.52,6.33,-1.42,-1.84,-1.54,0.69,-2.124203132,3.126876277,-2.042202779,-1.56,,-10.6095,,,3.5743725,-4.92412
1983/6/1,3.07,1.19,-3.91,2.6,-0.87,0.67,2.133597991,2.884176138,1.452665507,1.8,,-7.1031,,,1.2020433,3.032645
1983/7/1,-4.07,1.01,5.62,-0.11,2.81,0.74,0.052938401,3.798909943,-2.681199231,-3.11,,-1.6785,,,-0.9456625,3.6299942
1983/8/1,-0.5,-4.32,5.54,0.53,1.9,0.76,0.832555055,-0.878687418,-5.140238077,-5.43,,-2.2712,,,-3.2028742,1.1601325
1983/9/1,0.91,0.31,1.01,1.25,0.5,0.76,1.747508102,3.466374132,0.62547087,-0.03,,7.8024,,,-5.0327367,1.0629733
1983/10/1,-3.44,-3.78,4.97,-0.8,2.97,0.76,1.458621246,3.480746903,-4.472277403,-4.52,,7.6453,,,-3.4497758,3.6167958
1983/11/1,2.16,1.89,-0.73,-0.75,0.66,0.7,-0.171107705,-0.126660245,0.277154239,-0.13,,-0.1083,,,1.2816667,-1.9872642
1983/12/1,-1.78,-0.45,1.7,1.6,1.27,0.73,1.906444708,1.357305671,0.880118869,0.84,,1.792675,,,-1.6513617,2.9455517
1984/1/1,-1.92,-0.03,7.57,-0.82,2.92,0.76,-2.190802805,3.295790385,-2.664058432,-2.56,,0.82965,,,-3.4264225,1.7230717
1984/2/1,-4.82,-1.6,3.34,0.91,1.58,0.71,0.897201895,-1.921849572,-0.021738005,0.22,,1.23715,,,1.94307,-0.524845
1984/3/1,0.63,-0.29,0.47,-0.85,1.17,0.73,0.162228452,-0.223842634,1.006898446,1.07,,1.689875,,,0.5640775,0.8388133
1984/4/1,-0.51,-0.96,1.19,3.38,0.76,0.81,3.19122821,-0.192647834,2.270189099,2.07,,1.98575,,,0.6334617,1.3711975
1984/5/1,-5.97,0.14,0.29,2.2,-0.46,0.78,2.804882367,1.770688992,1.430491591,1.51,,3.14395,,,-2.4141733,-0.891325
1984/6/1,1.82,0.1,-2.66,3.13,-1.56,0.75,2.189444105,0.751512577,-0.437414585,-0.7,,1.297875,,,-1.5080558,-2.87629
1984/7/1,-2.74,-2.22,0.33,3.55,-2.15,0.82,3.106203787,2.908446089,3.140698905,2.83,,1.518,,,-1.0912208,1.744495
1984/8/1,10.28,-0.26,-1.8,-0.68,-0.92,0.83,-2.022964801,0.025790091,-5.745923588,-5.59,,0.490375,,,3.42662,-1.5856208
1984/9/1,-0.8,-0.03,5.23,1.37,2.41,0.86,0.146175558,4.4476208,3.925582148,3.62,,-0.9035,,,-1.5126667,1.8861675
1984/10/1,-0.84,-1.44,0.47,1.18,-1.09,1,2.117220446,2.685661749,3.193022112,3.15,,-0.69315,,,-2.4882458,0.7338025
1984/11/1,-1.76,-1.01,4.04,0.72,2.06,0.73,1.10535113,1.259704124,2.069847222,1.64,,1.1906,,,-1.0009475,1.7023325
1984/12/1,1.84,-0.65,-0.25,1.31,-1.36,0.64,0.267171732,0.25799376,1.269307563,1.49,,1.211625,,,-0.4750833,-0.8235325
1985/1/1,7.99,3.5,-5.33,-0.89,-3.41,0.65,-1.154300926,2.081570431,-6.480588953,-6.82,4.306568409,1.19615,,,3.9433433,-5.2734583
1985/2/1,1.22,1.04,-0.1,1.29,1.06,0.58,1.794610593,4.794638627,1.580449896,1.88,3.812835724,-1.875925,,,-4.9105475,-0.5988933
1985/3/1,-0.84,-1.39,4.07,1.23,2.88,0.62,-0.164583497,3.316019745,1.790037384,1.58,-5.271862649,4.0152,,,-4.6470675,1.40967
1985/4/1,-0.96,-0.1,3.72,1.55,0.71,0.72,0.484384656,3.319173369,2.43369785,3.04,3.963392066,0.998425,,,2.789045,1.5133342
1985/5/1,5.09,-2.31,-0.94,1.33,-1.49,0.66,0.462468583,1.549387786,3.72388351,3.99,6.391849454,2.034775,,,0.2292108,-1.2463867
1985/6/1,1.27,0.35,0.41,1.76,-0.77,0.55,0.645791873,2.946995809,3.867012421,3.57,1.083208276,1.14295,,,-0.23759,1.430685
1985/7/1,-0.74,2.87,-1.6,-0.44,-0.38,0.62,1.019072754,-0.475857207,-3.229417504,-3.91,-3.055585888,-2.78345,,,1.9444683,-0.8982183
1985/8/1,-1.02,-0.29,2.28,-0.07,1.84,0.55,0.090808582,0.829677769,1.383615207,1.85,5.225802552,0.66205,,,-0.7345408,2.8721258
1985/9/1,-4.54,-1.8,1.29,1.09,1.62,0.6,3.108755297,0.478871317,1.484342505,1.51,0.663178214,-0.685025,,,0.4359667,3.4919867
1985/10/1,4.02,-1.49,0.75,0.91,-1.08,0.65,0.437010523,2.223079418,4.055808779,4.88,0.786208076,1.2614,,,2.0941367,0.5809792
1985/11/1,6.48,0.02,-2.84,0.32,-2.29,0.61,1.905618772,2.393510136,-0.514851443,-0.47,4.789232033,1.107525,,,-0.3751692,-3.102665
1985/12/1,3.88,-0.4,-1.54,1.01,-1.82,0.65,1.705413463,3.161444072,-0.61573823,-0.23,2.207500391,-1.537575,,,-4.1203942,-2.7467058
1986/1/1,0.65,1,0.44,-2,-2,0.56,-1.901484404,1.812327225,3.404343237,3,-2.603952429,-0.50055,,,-2.3079375,-1.25974
1986/2/1,7.13,-0.71,-0.77,1.09,-1.24,0.53,1.469450744,4.399824311,2.203630143,2.76,10.13866895,-0.809375,,,-2.3371633,-2.728135
1986/3/1,4.88,-0.65,-0.37,1.18,0.9,0.6,0.858532575,4.528128656,3.699282006,2.41,8.583932746,-3.241275,,,-4.1997467,1.5188917
1986/4/1,-1.31,2.86,-2.86,2.89,-0.06,0.52,2.020175791,1.86799626,-0.462494435,-0.36,0.731224761,2.308275,,,-2.5245767,-4.6161117
1986/5/1,4.62,-1.29,-0.21,2.15,1.08,0.49,0.787371396,3.324440763,2.238682936,2.05,-4.199196074,-0.406575,,,-3.9828067,1.2510133
1986/6/1,1.03,-0.88,1.3,1.83,0.82,0.52,2.197961292,5.117907823,4.848068665,5.07,3.728967998,2.334925,,,-4.9878075,3.6120142
1986/7/1,-6.45,-3.45,4.7,-0.45,0.84,0.52,1.586420215,1.419430585,1.09972762,1.85,3.950221662,-0.5852,,,-0.7496208,1.1128267
1986/8/1,6.07,-4.35,3.51,-1.63,3.19,0.46,-1.983491715,-1.585468881,-4.192876852,-5.28,2.460580068,-1.143775,,,2.2836783,5.5272308
1986/9/1,-8.6,2.05,3.22,-0.1,3.72,0.45,-0.806419038,-2.436048192,-5.465540044,-5.79,-4.05446928,0.1572,,,2.282215,2.3307633
1986/10/1,4.66,-2.33,-1.42,-0.05,1,0.46,0.621936893,-1.461221633,3.735360313,4.46,-1.244815391,-0.393775,,,-3.142345,-3.2530967
1986/11/1,1.17,-1.89,-0.07,1.03,0.66,0.39,2.333158554,-0.965880738,-0.093998808,-0.26,4.161789815,2.773125,,,1.5304575,-0.7069575
1986/12/1,-3.27,0.12,0.36,0.81,0.09,0.49,1.566436633,-2.215664225,0.63176463,0.35,-0.301359984,-1.56875,,,1.2556683,0.910365
1987/1/1,12.47,-1.54,-3.16,0.16,-0.98,0.42,0.362302043,3.633627509,0.727476802,2.2,6.548780272,-0.915725,,,-7.1897425,-1.1049783
1987/2/1,4.39,3.4,-5.91,-0.84,-2.63,0.43,-0.279497253,0.531164847,-1.858452802,-2.07,3.924696591,-0.44205,,,2.986435,-5.4586617
1987/3/1,1.64,0.27,1.61,1.35,4.12,0.47,-0.635538256,4.936642735,1.853134408,1.68,4.37458073,1.5682,,,2.6571608,3.5151533
1987/4/1,-2.11,-1.54,-0.39,-0.5,1.03,0.44,0.568536841,0.420876213,1.030731386,0.22,-0.774275561,-1.36265,,,0.7235292,4.8983508
1987/5/1,0.11,-0.56,0.23,0.51,1.15,0.38,0.529431093,-0.350827792,-0.265669136,-0.74,1.722016746,2.338925,,,0.449875,0.6273975
1987/6/1,3.94,-2.21,1.04,1.69,0.84,0.48,1.340104635,2.252863321,0.014315029,-0.25,-0.099946231,0.356825,,,-0.11867,-1.3838417
1987/7/1,3.85,-1.12,0.73,-0.61,1.64,0.46,-0.792583519,4.250527988,2.742208821,2.66,4.018197737,2.68685,,,-4.0463133,4.6404442
1987/8/1,3.52,-0.95,-0.95,2.04,-1.61,0.47,2.883928235,-0.541620827,-1.051249587,-0.86,1.009970201,0.385275,,,-5.7088017,-0.3777625
1987/9/1,-2.59,0.4,0.3,-0.97,1.9,0.45,-0.574030289,0.057104681,0.512845124,0.77,3.953113897,-1.237,,,-2.9607025,2.654455
1987/10/1,-23.24,-8.05,4.23,2.06,2.26,0.6,5.007525492,-12.69073527,-7.345202214,-7.86,-10.57656169,-2.37755,,,-2.1067842,5.4948433
1987/11/1,-7.77,2.87,2.96,-1.88,0.68,0.35,-0.145734703,4.357516916,-0.778440585,-1.17,4.683866356,1.8353,,,1.4430525,-2.6339658
1987/12/1,6.81,0.06,-4.39,2.95,-2.46,0.39,1.779339943,-9.258897466,4.48711063,5.87,1.734837833,1.091875,,,2.0802892,-2.4936942
1988/1/1,4.21,-0.53,4.95,-1.13,2.2,0.29,-2.139527707,3.728533471,-7.530764758,-7.27,-0.202826386,2.38805,,,2.5341883,0.6169975
1988/2/1,4.75,3.31,-1.69,1.55,0,0.46,0.069279146,-1.178242254,-0.804831171,-1.47,0.558745554,0.55765,,,-1.2782317,-3.4940608
1988/3/1,-2.27,6.24,0.74,-0.26,1.82,0.44,-0.912689577,5.520585376,1.120978933,0.58,4.197867206,1.70986,,,-0.2258942,-4.3493883
1988/4/1,0.56,1.15,1.63,-0.2,1.94,0.46,-0.249160396,1.854959133,1.638578211,2.24,0.226017904,-0.12984,,,2.1488608,1.1035883
1988/5/1,-0.29,-2.57,2.42,-0.74,0.33,0.51,0.869544596,0.989612301,0.354027413,0.63,2.062206086,-2.04176,,,2.1195008,1.326965
1988/6/1,4.79,2.14,-1.22,1.46,-3.44,0.49,-0.087733581,-0.538439261,-1.787418158,-2.93,-0.413297573,0.95248,,,1.0549308,-4.7167875
1988/7/1,-1.25,-0.21,2.17,-0.58,1.49,0.51,-0.442948397,1.584101623,0.69924677,0.65,-1.888137876,-1.2449,,,-2.5424967,3.2592058
1988/8/1,-3.31,-0.03,2.1,-0.81,1.76,0.59,-0.039385345,1.460919985,0.994394836,0.35,1.40011058,0.79084,,,-1.6556583,0.7099358
1988/9/1,3.3,-1.35,-0.75,1.75,-0.6,0.62,0.764721276,-2.134738832,0.184323771,0.27,2.126456016,1.20016,,,-4.0739217,0.1186183
1988/10/1,1.15,-2.95,1.69,1.29,1.03,0.61,0.878458717,0.209989408,0.537858619,1.33,0.570014239,-0.50128,,,-6.9818567,1.7973092
1988/11/1,-2.29,-1.65,1.3,-0.28,1.63,0.57,0.704538293,-1.929881388,0.469224189,0.33,0.147601122,4.61836,,,-3.6260408,1.2361783
1988/12/1,1.49,2.02,-1.61,0.69,-0.38,0.63,0.912385555,-2.530353895,0.416143126,0.49,0.467325948,1.92948,,,-1.1196175,-1.2038758
1989/1/1,6.1,-2.31,0.62,-0.95,0.14,0.55,-1.275679779,0.855619585,0.27014796,-0.16,6.28893471,-2.00822,,,0.2513425,2.0373808
1989/2/1,-2.25,2.71,0.93,-0.87,1.81,0.61,-0.859747137,1.044430618,0.449467188,0.99,-5.004450895,1.09128,,,2.8197458,-0.4823858
1989/3/1,1.57,0.68,0.54,0.05,0.73,0.67,-0.809474018,2.062827783,3.147045049,3.51,5.950526204,2.7973,,,-5.7292225,1.2600025
1989/4/1,4.33,-0.78,-1.4,0.71,-0.57,0.67,1.450936457,0.896569326,1.93599206,1.77,0.976486754,0.3626,,,0.0191025,1.5828408
1989/5/1,3.35,0,-0.87,0.49,-0.08,0.79,0.12413988,-0.438265064,1.42706577,1.52,2.275753935,0.50514,,,-4.0699358,0.5490567
1989/6/1,-1.35,-1.09,2.23,0.27,1.55,0.71,-0.362626804,2.008887709,0.28219224,0.43,-0.173874193,0.03192,,,-0.9747892,1.2613792
1989/7/1,7.2,-4.17,-2.79,1.95,-0.56,0.7,1.27704269,0.860943169,4.965364637,5.39,4.160788505,-3.28096,,,-4.1909092,1.41266
1989/8/1,1.44,0.48,0.6,0.39,-0.57,0.74,-0.113523156,0.917366877,-0.07553279,-0.12,3.313402617,1.16758,,,2.5783825,1.3986867
1989/9/1,-0.76,0.49,-1.27,1.4,0.51,0.65,0.299520467,0.079888833,3.164049416,3.4,1.164989663,0.49434,,,-0.9627925,1.794985
1989/10/1,-3.67,-3.32,-1.11,0.1,-0.03,0.68,3.297058549,0.49090835,1.747219987,1.32,-2.225592497,0.9875,,,-2.7799425,-0.4639442
1989/11/1,1.03,-1.29,-1.09,-0.86,1.37,0.69,0.849232635,1.310350713,2.30886829,2.6,2.259062302,0.57764,,,1.6921025,1.083555
1989/12/1,1.16,-2.28,0.16,-0.07,1.45,0.61,1.964734438,-0.90403339,2.347670048,2.8,5.919666966,2.07526,,,1.3833458,1.91936
1990/1/1,-7.85,-1.32,0.85,-1.18,1.37,0.57,0.908474894,-0.214983006,-2.419786964,-3.27,-0.625464513,3.26628,,,3.1556617,-1.6116942
1990/2/1,1.11,1.15,0.64,-0.07,-0.61,0.57,-0.78962073,-1.352177454,-0.708151406,-0.54,0.861139199,3.09708,,,3.5835967,0.1578192
1990/3/1,1.83,1.58,-2.92,2.02,-0.95,0.64,1.958156219,-0.207821214,1.854618331,1.8,4.883672043,2.07804,,,-3.4731092,-1.5428167
1990/4/1,-3.36,-0.32,-2.59,1.81,-1,0.69,2.75906378,-2.458385364,2.189255682,2.39,-1.593912638,0.56624,,,-5.8493875,-2.1461925
1990/5/1,8.42,-2.37,-3.83,1.54,-1.58,0.68,0.091680479,-2.009711923,2.320233772,3.03,-4.884316297,-3.70332,,,2.6025667,-1.7892608
1990/6/1,-1.09,1.31,-1.93,-1.1,-0.36,0.63,1.584920721,1.326800503,1.526540453,2.4,0.998235306,1.58862,,,-4.1287025,-4.9536583
1990/7/1,-1.9,-3.14,-0.04,-0.11,3.23,0.68,2.289941655,0.465722234,4.97141596,6.14,3.386119545,-0.10042,,,-1.2299175,3.97114
1990/8/1,-10.15,-3.86,1.6,-0.35,2.99,0.66,1.608255759,-2.074340367,2.30939396,1.88,10.97833861,1.8254,,,-3.1928358,4.8930117
1990/9/1,-6.12,-3.74,0.61,0.06,3.61,0.6,4.362289074,0.05021138,5.591471715,5.78,5.064384224,0.9569,,,-2.5129775,7.4231267
1990/10/1,-1.92,-5.07,0,3.13,-0.32,0.68,4.29131155,-4.054126412,6.037144108,6.71,-3.917139707,3.2612,,,-3.7824508,1.4774983
1990/11/1,6.35,0.04,-2.97,0.5,-4.69,0.57,-0.697735982,-5.117031623,-4.345670162,-5.48,-0.567390131,0.21386,,,-0.4707667,-4.8816183
1990/12/1,2.46,0.64,-1.63,2.64,-1.81,0.6,2.168926697,-1.244185381,1.121883702,0.29,0.83085817,0.50314,,,-2.3461792,-0.7396917
1991/1/1,4.69,3.89,-1.57,1.26,-3.85,0.52,-0.958287011,-6.13449611,-5.05608645,-6.45,-0.332949367,-0.98262,,,-0.4843808,-9.2214333
1991/2/1,7.19,4.01,-0.63,-0.04,-0.43,0.48,-3.240555871,1.551422707,-4.527121474,-4.61,-2.146323573,-0.72246,,,-5.81064,-1.1682967
1991/3/1,2.65,3.82,-1.3,-0.5,-1.11,0.44,-0.63345531,1.438560442,1.854978749,2.87,-1.896750011,-1.35804,,,-1.0333808,-2.1555908
1991/4/1,-0.28,0.32,1.45,0.64,0.8,0.53,0.070154187,4.850102769,-0.589935219,-2.36,3.352799203,0.38574,,,2.9831792,0.956675
1991/5/1,3.65,0.12,-0.49,2.05,-2.35,0.47,-0.404627955,1.14123053,0.579812173,-0.11,-0.755614048,-0.986,,,1.2143683,-2.1563058
1991/6/1,-4.94,0.26,1.07,1.77,0.64,0.42,2.405121425,2.560712345,0.3326889,0.47,0.865432143,0.34642,,,1.8084517,1.6982717
1991/7/1,4.24,-0.95,-1.32,1.61,-1.38,0.49,0.079425747,0.314506129,4.385967106,4.22,-2.522082432,1.57816,,,-1.6243692,-3.2121933
1991/8/1,2.32,1.41,-0.78,0.85,-0.34,0.46,-0.010710161,1.315656744,2.56608543,1.57,3.447045161,0.74494,,,-3.4082183,-2.7721
1991/9/1,-1.59,1.56,-1.07,-1.8,0.08,0.46,-1.14348075,2.87459077,2.186447817,1.79,2.553057218,1.0311,,,1.7811658,0.5906217
1991/10/1,1.29,0.9,-0.46,-1.73,-0.23,0.42,-0.761210352,2.172308246,2.216174417,3.06,0.632395239,1.11376,,,3.5733775,0.3908275
1991/11/1,-4.19,-0.84,-1.88,1.06,0.01,0.39,3.379196253,2.622614344,1.07636659,1.14,0.002892025,2.0937,,,-1.7681367,-3.4039242
1991/12/1,10.84,-2.4,-4.18,3.56,-3.12,0.38,1.749310926,-3.285492127,8.825125428,8.19,7.506266167,1.87448,,,-3.8526875,-9.8852667
1992/1/1,-0.59,9.19,4.7,-1.29,3.2,0.34,-4.271254809,5.35631358,-1.892807365,-2.49,-1.555164621,-3.41736,,,2.2635608,7.349375
1992/2/1,1.09,1.34,6.47,0.1,2.19,0.28,-1.15241664,3.869317762,-0.159066814,-0.53,-0.186608957,-0.45996,,,0.8029333,2.0965992
1992/3/1,-2.66,-0.93,3.55,-0.01,1.95,0.34,1.206202003,2.411832155,-0.122032742,-0.29,-1.829066066,1.5004,,,-2.266375,0.1661433
1992/4/1,1.07,-5.7,4.32,1.69,2.23,0.32,1.140445063,-0.328399357,-3.068619978,-2.58,1.96527919,1.71896,,,-1.4337808,2.82493
1992/5/1,0.3,0.21,1.19,-0.96,0.48,0.28,0.235675275,1.128854614,-0.319726168,0.21,1.255746781,2.66428,,,0.7726583,-0.3722908
1992/6/1,-2.34,-2.74,3.25,-0.09,1.01,0.32,1.151653247,1.620227526,-0.46465127,-0.58,2.502416991,3.95638,,,2.1948758,-2.3443908
1992/7/1,3.77,-0.66,-0.55,1.24,-0.89,0.31,1.132438553,1.341298477,1.765350944,1.59,5.346081432,3.55022,,,-2.5579967,0.2135617
1992/8/1,-2.38,-0.44,-1.08,3.68,-1.6,0.26,3.332491989,1.035647855,-0.451447751,-0.51,5.053388508,1.97506,,,-2.6156542,0.6514767
1992/9/1,1.19,0.44,-0.23,1.58,-0.63,0.26,0.759933643,1.739692707,2.604012756,1.5,3.355813521,-2.54572,,,-1.8355775,0.90018
1992/10/1,1.02,2.09,-1.98,1.26,-0.84,0.23,1.440971721,-0.438827609,2.033786634,2.48,-0.642242736,-1.59688,,,5.57968,-0.2788883
1992/11/1,4.13,3.98,-1.42,-0.62,-1.65,0.23,-1.333456978,-0.491471256,-0.301170426,-0.15,1.614289341,-1.69244,,,0.282615,-0.9531025
1992/12/1,1.53,1.67,2.65,-0.46,0.83,0.28,-0.943171682,3.427986821,3.178130197,4.32,2.059402471,0.16856,,,2.7632067,2.6171875
1993/1/1,0.93,1.89,5.95,-1.85,2.94,0.23,-3.73814303,7.805820906,4.735952351,4.84,2.436375944,1.69638,,,2.0411442,4.4928342
1993/2/1,0.12,-3.47,6.44,-0.48,4.21,0.22,-1.570879634,5.839901555,3.640849567,3.14,5.439808667,-0.57284,,,6.8397867,3.2720208
1993/3/1,2.3,0.08,1.19,-0.17,0.9,0.25,-1.255837881,4.639017459,3.897425912,3.73,-0.502012827,-0.13202,,,0.9574492,-0.1018767
1993/4/1,-3.05,-0.86,2.48,-3.6,1.44,0.24,-2.545578694,4.858624068,0.40330036,0.38,-1.097898762,1.02182,,,11.2275333,4.7995708
1993/5/1,2.89,1.93,-3.5,-0.08,-1.05,0.22,-0.886132795,0.942143467,0.274174605,0.22,2.915074947,1.54916,,,-2.0529917,-0.5973867
1993/6/1,0.31,0.16,2.72,-0.91,1.2,0.25,-2.114629049,3.565039295,5.154881873,4.55,1.559219207,0.83736,,,1.5607608,2.7326617
1993/7/1,-0.34,0.92,2.82,-1.85,2.05,0.24,-1.277286669,3.583700224,2.85308453,3.19,3.197232753,-1.0798,,,2.6624908,3.5010142
1993/8/1,3.71,0.11,0.14,-1.54,-0.03,0.25,-0.478677623,2.240903735,2.526529803,2.65,6.831245308,1.9623,,,-1.3391025,-0.3140267
1993/9/1,-0.12,2.94,-0.35,0.25,-0.16,0.26,-0.181247685,3.083223477,3.261350144,3.37,-2.183540921,0.27602,,,-0.7336417,0.6481308
1993/10/1,1.41,1.89,-2.78,0.58,0.6,0.22,-0.387143949,3.259676319,-1.94894355,-2.72,4.483641635,0.91146,,,-3.4244483,-1.8278275
1993/11/1,-1.89,-1.18,-0.66,2.19,-0.94,0.25,1.471795846,-3.47626728,-4.669087176,-4.73,0.84537275,-0.2341,,,-2.7087183,-3.4501967
1993/12/1,1.65,1.38,0.27,1.17,-0.34,0.23,0.182382931,1.293940317,2.264046456,2.36,6.187634032,-1.09856,,,1.0132117,2.9835842
1994/1/1,2.87,0.08,1.28,-1.75,1.43,0.25,-2.422127316,3.496142207,0.283351939,0,1.132375567,-0.03344,,,-1.8768383,0.5181608
1994/2/1,-2.55,2.67,-1.56,2.15,-1,0.21,2.720009138,-1.237627312,0.072502824,-0.3,-4.760673148,-1.49122,,,1.4603742,-2.4665517
1994/3/1,-4.78,-1.09,1.55,0.71,1.28,0.27,1.559420119,-0.810369844,-1.079512502,-1.27,-6.45314229,-1.44586,,,2.7089517,4.8687317
1994/4/1,0.68,-1,1.66,1.06,1.11,0.27,0.510120234,-1.260133018,-0.092228153,0.39,-0.267154101,-0.42742,,,-1.7872433,2.499935
1994/5/1,0.58,-2.53,0.7,0.6,0.68,0.31,-0.116494963,0.898592387,-1.836398129,-2.19,0.451827006,-0.04368,,,5.4855592,3.87789
1994/6/1,-3.03,-0.48,1.67,1.21,1.47,0.31,1.448751693,1.49899308,-0.592809208,-0.87,-1.26539209,-1.67082,,,0.0512475,0.8394542
1994/7/1,2.82,-1.79,0.57,-0.6,0.11,0.28,-0.659186811,-0.744279943,0.059601126,0.1,-1.956956923,0.58974,,,-1.0652417,0.2163108
1994/8/1,4.01,1.38,-2.5,0.96,-1.47,0.37,1.86325126,-2.284018375,1.236026475,1.55,1.9818197,-0.4232,,,-4.0036808,-4.74104
1994/9/1,-2.31,2.76,-1.84,0.53,0.9,0.37,1.602570945,3.837485808,1.535619286,1.31,2.763018869,-0.26106,,,-0.1621442,0.7505683
1994/10/1,1.34,-2.31,-1.63,0.24,-0.69,0.38,3.097532749,-2.003683799,1.092576964,1.49,1.645391977,0.23732,,,1.1070783,-2.8372158
1994/11/1,-4.04,0.13,-0.73,0.4,-0.39,0.37,2.746541934,-3.899346127,-0.046816357,-0.18,2.220281449,2.11228,,,-1.0813742,-4.0715542
1994/12/1,0.86,-0.04,-0.09,0.39,0.3,0.44,0.460671756,-3.058521533,3.933019431,3.48,1.847064448,-0.6782,,,0.7414892,0.56842
1995/1/1,1.8,-3.02,2.51,0.2,-0.76,0.42,0.574407576,1.288318612,-1.549938916,-1.81,0.799703748,0.33662,,,-1.2947075,0.5484083
1995/2/1,3.63,-0.54,1.09,0.56,-0.28,0.4,-0.290292902,1.337906108,-0.532417055,-0.39,-2.474759653,0.13908,,,0.5616808,-0.1890133
1995/3/1,2.19,-0.53,-2.08,-0.13,0.24,0.46,1.26022717,1.219074146,0.300483118,0.43,4.188290805,-1.10158,,,-2.6452108,1.6457633
1995/4/1,2.11,-0.22,1.7,0.4,0.89,0.44,-0.091074741,1.309052122,1.477463959,1.79,-1.041427388,1.49572,,,1.2902617,-1.8109408
1995/5/1,2.9,-2.18,2.27,0.36,0.1,0.54,-0.232210455,1.436279841,-0.108042157,-0.42,1.093906257,3.72628,,,-4.3308017,0.324005
1995/6/1,2.72,3.03,-2.54,-0.35,-2.48,0.47,-0.376991614,1.842731962,2.780796698,2.93,1.029437167,-0.13404,,,2.6900275,-5.6766858
1995/7/1,3.72,2.08,-1.59,0.28,-1.64,0.45,-0.587224953,1.59219783,2.362875389,2.57,-1.44575467,1.36364,,,5.31131,-2.9027475
1995/8/1,0.55,1.76,2.81,-1.22,1.61,0.47,-2.156269573,3.441595637,0.060612499,0.16,-1.561456913,2.5819,,,-1.3250675,1.6564883
1995/9/1,3.35,-1.9,-0.05,1.02,0.38,0.43,0.919582327,3.195475717,2.204909336,2.91,4.505987123,1.10924,,,-4.470365,1.4414733
1995/10/1,-1.52,-4.07,-0.51,1.86,-0.04,0.47,4.317053388,-0.387800775,4.501578983,4.16,1.759604266,-0.08966,,,-1.7160342,3.1274783
1995/11/1,3.96,-1.07,0.58,-0.56,1.13,0.42,-0.230383649,-1.045365275,0.154079891,-0.68,3.279356291,1.94614,,,1.2012417,-0.3703792
1995/12/1,1.03,0.73,0.18,-1.38,3.08,0.49,-0.833769363,2.250647778,2.503070606,2.52,1.562929404,0.6537,,,0.1581767,6.2379525
1996/1/1,2.26,-2.56,0.4,0.19,2.31,0.43,-1.600179155,4.396330097,0.495187126,0.54,-2.703733694,1.5915,,,-2.42767,-0.9634575
1996/2/1,1.33,1.76,-1.07,0.24,-1.89,0.39,0.873168041,0.815670956,0.652931026,0.59,-2.284222647,-0.38668,,,-3.1395283,-5.915005
1996/3/1,0.73,1.64,0.36,1.48,-0.96,0.39,-0.758796583,2.593315733,-1.629938946,-1.84,2.501014128,1.73976,,,5.9783158,-0.1011767
1996/4/1,2.06,4.7,-4.05,-0.16,-2.11,0.46,0.613113205,0.077118656,-1.24457283,-0.88,4.116664906,2.72018,,,-0.4115083,-3.269525
1996/5/1,2.36,3.22,-0.89,0.16,-0.3,0.42,0.637332671,3.722788201,1.077438458,1.54,0.239541235,-0.0575,,,-4.13451,-5.000505
1996/6/1,-1.14,-3.64,2.38,3.48,1.2,0.4,1.826966399,3.414339258,0.468481381,0.98,1.78020285,0.31932,,,-3.9595767,5.6124883
1996/7/1,-5.97,-3.8,5.14,2.97,2.56,0.45,2.351257298,-0.14664189,-0.177254242,-0.17,-4.505258254,-2.23282,,,-0.74684,3.6039383
1996/8/1,2.77,2.58,-0.74,-0.41,-2.4,0.41,-0.3231969,1.090246737,0.445123266,0.01,4.262922011,2.05596,,,11.2184833,-3.6447608
1996/9/1,5.01,-1.39,-2.7,1.23,-2.22,0.44,1.996237767,1.312834288,2.114692421,2.7,8.571259835,2.91758,,,4.0882233,-3.1169858
1996/10/1,0.86,-3.76,4.94,1.38,3.26,0.42,1.047178085,3.270284499,3.306693587,3.79,2.211791255,0.742,,,-0.76233,4.1919508
1996/11/1,6.25,-3.82,1.39,2.1,-0.78,0.41,1.681163508,0.902471014,-2.218093297,-2.37,7.612694763,2.12562,,,-0.7433442,0.6287925
1996/12/1,-1.7,3.26,1.32,0.38,1.47,0.46,-0.386340924,2.453733539,0.940979631,0.63,3.02506398,0.3821,,,-3.0364333,2.2259583
1997/1/1,4.98,-1.82,-1.46,1.22,-0.13,0.45,0.937654905,3.946264928,1.674221638,1.95,3.910174739,1.89342,,,-2.2592417,-2.4456742
1997/2/1,-0.49,-2.56,5.69,0.65,3.48,0.39,0.724298702,5.868271786,-2.07368583,-2.13,-1.605529963,2.03476,,,-4.4006625,4.7186592
1997/3/1,-5.02,-0.43,3.4,0.45,1.71,0.43,0.965131738,2.980945781,1.705550285,0.9,2.053685318,-1.27218,,,3.7496675,4.4348142
1997/4/1,4.04,-5.71,0.07,3.24,-0.71,0.43,3.722267923,-1.461072873,5.135032387,4.86,2.954187953,3.97886,,,1.4483025,-0.2100392
1997/5/1,6.74,4.75,-4.12,-1.02,-2.95,0.49,-0.118059741,-1.738104074,-4.570816144,-5.17,0.875655612,1.58202,,,-0.10278,-7.0870783
1997/6/1,4.1,1.21,1.59,0.56,0.63,0.37,1.039935049,5.752327622,2.875150035,2.6,3.410098653,-0.30452,,,2.5001342,0.599265
1997/7/1,7.33,-2.77,0.29,0.07,-2.55,0.43,0.177864687,0.919124942,3.481404686,3.79,7.455212636,2.71178,,,5.6587083,1.5332075
1997/8/1,-4.15,7.63,1.2,-1.09,0.09,0.41,-1.128997806,2.158510008,-2.038458728,-2.56,-5.510294693,0.22018,,,-1.3200683,1.2343458
1997/9/1,5.35,2.49,0.38,-1.62,-0.85,0.44,-1.893607805,8.23681769,1.553945279,1.47,3.960193651,-1.58422,,,2.245075,-2.2892208
1997/10/1,-3.8,-0.55,2.25,1.04,1.88,0.42,0.71796109,4.625643954,0.088737385,-0.57,-0.375770611,-2.75298,,,0.3110558,2.6420125
1997/11/1,2.98,-5.1,1.19,2.81,1.67,0.39,3.199005391,1.654974533,0.8399338,0.33,1.699854388,1.41914,,,-1.4734542,5.35509
1997/12/1,1.32,-2.02,3.86,0.8,1.99,0.48,-0.034992979,6.698995424,3.703113902,3.98,4.969929468,2.11406,,,-0.6571117,-0.5234275
1998/1/1,0.15,-1.36,-1.59,0.87,-0.84,0.43,1.430666168,-1.359167297,-0.143276596,0.14,2.977608159,-0.4288,,,4.3153058,5.705945
1998/2/1,7.04,0.2,-0.85,-0.34,-2.32,0.39,-0.151233049,0.088634614,-1.052685521,-1.12,2.750020985,0.32958,,,3.3441183,-5.18611
1998/3/1,4.76,-0.63,1.41,-0.29,-0.41,0.39,-0.629685225,3.722038154,1.561036819,2.15,4.860379035,-0.53382,,,1.8075717,-0.6130175
1998/4/1,0.73,-0.05,0.9,-1.67,-0.44,0.43,-0.538712738,3.156749279,0.792156306,0.74,0.265568031,-0.54026,,,7.0182158,-0.4236292
1998/5/1,-3.07,-2.92,3.4,1.08,2.74,0.4,1.426710054,1.749786703,2.138217586,1.82,4.81595766,1.51022,,,-2.5724208,1.4928008
1998/6/1,3.18,-3.67,-1.96,-0.26,-3.13,0.41,1.448046209,-1.175464345,7.753221706,7.28,2.99044907,1.30144,,,1.3197675,4.0767192
1998/7/1,-2.46,-5.27,-1.76,1.72,0.45,0.4,1.649243812,-0.293634957,3.848420045,3.74,4.43308109,1.91304,,,-3.3031383,3.6570275
1998/8/1,-16.08,-5.17,3.6,3.44,5.89,0.43,7.507991975,-0.798666166,2.346954002,1.84,6.310042568,-1.15694,,,-1.7290533,7.7848367
1998/9/1,6.15,-0.77,-3.37,-1.9,-2.97,0.46,-0.233838318,-3.691741205,-1.59498632,-0.81,0.763663123,-2.67662,,,-2.4088283,6.7536142
1998/10/1,7.13,-3.42,-2.29,0.94,0.32,0.32,-0.055529358,-8.763556761,-4.471207599,-5.37,-1.148611197,2.27854,,,-3.4452783,0.7211292
1998/11/1,6.1,0.71,-3.23,-0.91,-1.14,0.31,0.229516541,-3.565801152,0.36768672,1.2,3.226912123,0.6367,,,-1.6820692,-1.8820975
1998/12/1,6.16,-1.57,-4.18,-0.76,-3.41,0.38,0.736048652,-2.871741331,8.983686963,8.91,3.8637676,1.55238,,,3.0905908,0.00624583
1999/1/1,3.5,-0.73,-4.62,-2.79,-6.78,0.35,-2.835256712,-3.717377911,2.27479037,3.03,-0.293724851,0.0418,,,8.5205583,-1.8784742
1999/2/1,-4.08,-5.2,1.88,-1.17,4.06,0.35,-0.63552545,1.002598395,-0.46822224,-0.1,-2.586296761,2.66032,,,2.9797033,0.0956458
1999/3/1,3.45,-4.23,-2.77,-4.1,-1.41,0.43,-2.515914191,-7.300480847,-2.377538588,-1.27,-3.844433356,-1.18744,,,5.1726075,-1.42922
1999/4/1,4.33,4.53,2.41,-2.55,0.93,0.37,-3.915673758,-0.20396841,-9.007602874,-9.04,-0.807887775,2.31612,,,4.9902692,-4.3160475
1999/5/1,-2.46,3.74,2.3,1,3.32,0.34,1.833017748,3.611993455,-2.997623287,-5.19,0.382942955,1.72836,,,-4.4968583,-2.8319167
1999/6/1,4.77,2.3,-3.27,1.12,-3.24,0.4,1.339821949,-1.327659279,4.474167497,5.06,-2.326836455,-1.21184,,,0.8885467,1.15693
1999/7/1,-3.49,2.57,-0.42,0.38,3.19,0.38,2.334685763,0.095462431,2.168142459,1.66,0.48770556,-0.66664,,,-0.7492317,3.0155725
1999/8/1,-1.38,-1.72,-1.84,-0.21,0.63,0.39,2.874326117,-2.674916167,3.311634842,3.12,-0.189634104,0.1861,,,1.4455617,1.1697833
1999/9/1,-2.79,2.62,-3.48,-0.74,-1.17,0.39,1.042684665,-4.971119181,6.128673689,6.47,0.379121382,1.17522,,,4.8879167,3.5581392
1999/10/1,6.12,-6.89,-3.37,-1.72,-1.22,0.39,-0.727926285,-2.416560447,5.109325449,5.5,1.875675904,0.64844,,,11.3673583,5.6999675
1999/11/1,3.37,5.8,-6.16,-4.29,-1.78,0.36,-0.832979218,-11.95037769,5.730845233,5.64,5.954054877,0.46516,,,4.5784075,0.4438508
1999/12/1,7.72,5.34,-8.32,-7.6,-5.61,0.44,-1.987323006,-11.3230341,10.60920392,13.22,6.676180275,0.3659,,,10.86355,1.0485742
2000/1/1,-4.74,4.45,-1.89,-6.29,4.74,0.41,-2.931838687,-0.202559971,1.270115612,1.92,0.347870671,3.41066,,,0.3130408,7.4463192
2000/2/1,2.45,18.38,-9.81,-18.76,-0.35,0.43,-7.936040019,-13.44577857,17.01097082,18.2,1.903713269,2.90232,,,11.534,-9.4296167
2000/3/1,5.2,-15.39,8.23,11.82,-1.61,0.47,4.98609922,0.080946866,-4.93878597,-6.83,-3.490521225,-2.36918,,,1.8876242,4.9835967
2000/4/1,-6.4,-4.96,7.25,7.67,5.62,0.46,6.65645476,6.896826065,-8.046556826,-8.39,1.772203941,2.9838,,,-10.1979167,-4.0500142
2000/5/1,-4.42,-3.87,4.83,4.18,1.32,0.5,3.42048457,6.048657484,-7.286739971,-8.98,0.963292566,1.28074,,,-14.7171,-3.4473867
2000/6/1,4.64,9.87,-8.41,-8.26,-2.91,0.4,-3.603134595,-10.11698843,14.23426292,16.61,1.136554104,-0.55566,,,2.7280425,-2.4186517
2000/7/1,-2.51,-1.02,8.33,6.09,2.96,0.48,3.144822718,6.138408221,-0.47491043,-0.1,-0.029560142,0.21446,,,-2.939015,4.8348975
2000/8/1,7.03,-1.01,-1.37,-3.01,1.06,0.5,-2.776364138,-5.073292816,5.139688337,5.73,5.452449871,1.103,,,2.0382842,-1.41221
2000/9/1,-5.45,0.26,7.17,2.89,5.56,0.51,3.17135344,8.165082917,0.684158002,1.97,-1.379315838,0.68636,,,-9.5615833,4.7968058
2000/10/1,-2.76,-2.72,5.64,9.28,3.84,0.56,8.516333419,1.276480741,-4.442116281,-4.48,2.733824059,1.61712,,,-10.51255,4.5769842
2000/11/1,-10.72,-0.58,12.34,13.38,8.42,0.51,12.40492058,13.49206313,-2.841526364,-2.32,4.008856595,0.75418,,,-9.359275,2.2922917
2000/12/1,1.19,3.3,7.6,2.44,4.79,0.5,-1.633186618,8.376797181,6.264609576,6.74,-1.128907056,-3.06058,,,-8.1276675,-8.2830483
2001/1/1,3.13,5.45,-5.11,-5.46,-5.05,0.54,-6.787129846,-15.66759206,-25.45876643,-25.3,0.140829967,-0.49392,,,7.0862342,2.59849
2001/2/1,-10.05,2.79,12.48,9.12,9.06,0.38,7.087589842,15.35998928,12.72085459,12.57,3.018560764,-0.87624,,,-15.417075,3.5435858
2001/3/1,-7.26,2.36,6.43,3.39,3.9,0.42,4.598070648,10.54317954,8.484117048,8.55,6.12331207,1.9007,,,-5.9779417,4.7734783
2001/4/1,7.94,-0.88,-4.69,-3.48,-3.18,0.39,-1.916935706,-4.776761881,-8.04374642,-7.9,-6.227605677,2.00542,,,7.0455225,-0.480225
2001/5/1,0.72,3.59,3.36,0.25,1.91,0.32,-1.425292828,6.65355168,2.088554042,2.21,-0.045465351,1.81406,,,-3.7667867,2.1111708
2001/6/1,-1.94,6.57,-1.13,1.27,-1.51,0.28,1.985690466,3.4260013,1.936812614,0.38,2.145978239,1.75654,,,-0.8489817,-1.4165575
2001/7/1,-2.13,-2.83,5.21,7.42,3.04,0.3,4.704712961,7.082405362,5.705824247,5.58,0.571883157,-0.32608,,,0.6767183,0.4341942
2001/8/1,-6.46,2.71,2.3,4.06,6.56,0.31,4.187723346,7.047741509,6.244692543,5.53,3.955037574,1.57668,,,-7.1863167,-0.3469725
2001/9/1,-9.25,-5.73,1.46,5.03,3.22,0.28,5.968285562,5.185656777,10.35931532,11.48,9.372832673,2.0586,,,-6.1979283,-1.2938542
2001/10/1,2.46,5.28,-7.66,-3.01,-4.55,0.22,-0.708945087,-6.997386126,-7.694174558,-8.47,4.948790256,1.96564,,,2.9666558,0.767025
2001/11/1,7.54,-0.31,2.22,-3.74,-1.66,0.17,-2.000718511,-6.402304359,-9.020027248,-8.69,-5.754640275,0.60462,,,3.917555,5.6105117
2001/12/1,1.6,5.16,0.85,0.35,-0.28,0.15,-0.535142754,1.937699489,-0.466408516,0.07,-0.409158631,1.07552,,,0.3798358,-2.22953
2002/1/1,-1.44,1.25,3.44,4.69,2.85,0.14,4.941375452,5.121787759,4.844681985,3.75,1.594842699,-1.44732,,,-7.2753717,2.5340017
2002/2/1,-2.29,-0.36,2.16,8.06,5.1,0.13,3.591336587,9.661308585,6.853534136,6.82,0.448793125,0.98624,,,-6.4203333,-0.9259817
2002/3/1,4.24,4.24,1.07,-1.78,0.59,0.13,-2.098634918,3.073225898,-1.278399538,-1.64,-4.996253705,0.13644,,,0.9120075,-2.6410875
2002/4/1,-5.2,6.73,3.88,4.59,5.37,0.15,2.814318869,12.96488945,7.850336216,7.63,1.676481298,0.738,,,-8.218375,-1.0681783
2002/5/1,-1.38,-3.02,1.53,2.35,2.42,0.14,1.796334248,7.399613643,3.40094122,3.16,2.85960258,1.3601,,,-1.0118767,-0.2101742
2002/6/1,-7.21,3.88,-0.03,3.93,2.51,0.13,3.57338452,8.096037445,6.867295731,6.03,6.130699545,-1.90398,,,4.6367175,-2.1801833
2002/7/1,-8.18,-6.42,-3.87,3.76,-1.02,0.15,6.222374746,-1.349752072,3.445487615,3.74,5.659560832,-2.21368,,,-5.4855308,0.2437917
2002/8/1,0.5,-1.32,3.31,1.34,-1.42,0.14,0.752315067,3.11129053,2.144171451,1.9,3.313776126,-0.35008,,,-1.2759025,-2.8959842
2002/9/1,-10.35,3.1,1.44,3.26,-2.22,0.14,4.464998706,5.518840752,9.152546355,9.13,6.849943887,3.74196,,,0.76162,-5.4684042
2002/10/1,7.84,-4.3,-3.95,-3.36,0.78,0.14,-0.079298995,-8.897293957,-5.85225967,-5.58,-3.051785063,1.26606,,,1.0708233,6.5216758
2002/11/1,5.96,2.95,-1.27,-9.19,5.15,0.12,-9.098653037,-14.37289369,-15.85891207,-16.33,-0.870303217,0.73804,,,9.771175,12.6195583
2002/12/1,-5.76,0.64,2.13,6.27,-1.69,0.11,4.416302606,12.17812737,9.875819752,9.64,9.293589443,2.06464,,,-7.2913625,-3.26617
2003/1/1,-2.57,0.67,-0.73,-1.03,0.76,0.1,-0.319169518,1.389738866,1.399433088,1.55,4.901444415,1.03232,,,2.2546592,2.3183042
2003/2/1,-1.88,-0.93,-1.38,0.87,-0.61,0.09,2.395534284,1.888078714,1.864465058,1.17,4.990623071,1.94126,,,0.3950125,-1.6579475
2003/3/1,1.09,0.68,-1.93,1.87,-0.76,0.1,1.003766125,1.207972781,0.99942322,1.48,-2.658702337,-3.40072,,,5.6691817,-4.4036108
2003/4/1,8.22,1.05,1.17,-4.67,1.08,0.1,-6.020890705,-3.426901186,-9.344572678,-9.33,-0.019653904,1.9809,,,1.6588483,4.1243225
2003/5/1,6.05,4.85,0.53,-7.02,3.02,0.09,-7.207399854,-5.611085618,-8.853519843,-10.7,6.510377357,4.2439,,,-5.9170283,4.6408783
2003/6/1,1.42,1.66,0.19,0.44,-0.34,0.1,-0.957537408,1.856988329,-1.156344236,-1,-2.255840011,0.2432,,,-3.0938608,-0.2094667
2003/7/1,2.35,4.58,-1.19,-4.23,1.85,0.07,-2.335425761,0.554011945,-0.103162735,-0.32,-7.18800825,0.81474,,,3.8511875,1.9573375
2003/8/1,2.34,2.52,1.54,-2.21,2.13,0.07,-1.280730563,0.345862937,-0.43581104,-0.62,-2.076351433,1.07742,,,2.202025,6.4625558
2003/9/1,-1.24,0.55,0.1,1.06,0.34,0.08,-0.105153393,1.793092749,0.106375329,-0.19,5.949922985,2.65226,,,-4.0463058,-0.6525083
2003/10/1,6.08,2.67,1.92,-1.3,1.48,0.07,-1.278743461,0.2627079,4.245529511,3.99,3.563980374,1.71944,,,0.9222633,5.6502408
2003/11/1,1.35,2.25,1.81,0.12,1.81,0.07,0.487307188,4.577925187,1.541814669,1.46,1.925381637,1.23094,,,-4.1696025,0.7225483
2003/12/1,4.29,-2.53,1.6,0.51,0.95,0.08,-1.896238427,6.270353349,-4.921114771,-5.57,7.403123884,1.50042,,,1.2897333,-1.9920967
2004/1/1,2.15,2.44,2.46,-3.66,3.39,0.07,-4.011119011,-1.462480351,2.545111356,2.58,0.831966078,0.10448,,,-0.14436,4.0096717
2004/2/1,1.4,-0.88,0.87,2.15,-1.22,0.06,0.412125162,5.388033772,-0.958780884,-1.14,5.87351874,2.69818,,,-3.9178042,-0.1132908
2004/3/1,-1.32,2.12,0.23,1.61,-0.99,0.09,1.293052427,5.129355475,-0.044257633,0.17,0.391589331,0.13922,,,-1.9161617,1.7585925
2004/4/1,-1.83,-2.07,-3.02,3.42,-2.76,0.08,3.947562898,0.086187881,-5.508393313,-5.38,-4.457236411,-0.91826,,,-1.7623758,-6.80997
2004/5/1,1.17,-0.42,-0.23,-1.15,0,0.06,-0.213297055,0.378858517,1.700002126,1.5,-1.446776934,0.1825,,,5.0793208,1.613465
2004/6/1,1.86,2.57,1.23,1.19,-0.38,0.08,-0.073619675,2.546932832,2.019531187,2.05,-1.584486004,0.82188,,,-2.2343958,-0.1387058
2004/7/1,-4.06,-2.95,3.22,5.31,-1.66,0.1,3.390100933,5.978453036,-1.938431617,-2.28,-0.689842155,1.90032,,,1.2945917,3.4347592
2004/8/1,0.08,-1.15,1,1.24,-1.44,0.11,-0.030013064,2.665545645,-1.480352879,-1.59,0.365464528,0.7885,,,-0.60634,-2.67498
2004/9/1,1.6,3.27,-0.02,-1.44,-1.89,0.11,-1.113701395,2.997500458,4.598184375,5.49,5.881412214,0.61346,,,1.6113358,0.0171417
2004/10/1,1.43,0.19,-0.25,-0.49,0.49,0.11,0.469515466,1.529111073,-0.901121626,-1.38,1.122234112,-0.60888,,,-1.2865758,3.6895508
2004/11/1,4.54,4.11,1.45,-0.59,-0.21,0.15,-1.996107284,3.085074626,2.851683623,3.16,5.237253985,0.31432,,,-3.4764833,1.0702542
2004/12/1,3.43,-0.05,-0.21,-1.17,0.46,0.16,-0.940545776,1.503238548,-2.631247682,-2.87,0.896577055,0.92664,,,-2.440385,-3.0306225
2005/1/1,-2.76,-1.18,2.07,2.72,-1.46,0.16,1.876637082,3.916094595,3.001740325,3.05,2.326746983,1.2386,,,-3.26134,-1.0780133
2005/2/1,1.89,-0.3,1.54,1.42,-0.05,0.16,0.631620662,3.447562147,3.791918636,3.37,-1.340100492,1.25394,,,1.0196625,2.4348333
2005/3/1,-1.97,-1.42,2.05,0.45,1.29,0.21,1.909922842,0.644831344,0.51485891,0.41,0.567629182,1.004,,,-0.7553858,1.6873425
2005/4/1,-2.61,-3.98,0.05,0.94,-0.95,0.21,1.452197918,1.460082799,-0.423100514,-0.69,-3.68072435,0.789,,,-0.9710458,1.3774592
2005/5/1,3.65,2.79,-0.59,-0.95,0.29,0.24,0.161528874,-1.881545831,0.556060044,0.45,2.581713196,1.62232,,,0.1607092,2.2727233
2005/6/1,0.57,3.28,2.81,0.96,-0.52,0.23,-0.865694864,3.710832726,2.753671335,2.05,5.050922964,-0.34034,,,1.9861225,0.7411833
2005/7/1,3.92,2.79,-0.78,-1.23,-0.81,0.24,-0.970634726,1.644017676,0.246162145,0.06,0.348434342,0.29088,,,1.491315,-1.3545158
2005/8/1,-1.22,-0.9,1.34,-2.11,0.36,0.3,-1.027417268,0.27258687,2.465962121,2.08,2.214431932,-0.78082,,,-0.3402733,-0.6807
2005/9/1,0.49,-0.36,0.69,0.27,-0.6,0.29,-0.935980636,0.177092436,3.221069875,3.43,1.59647903,0.44614,,,-1.0245042,-1.3887983
2005/10/1,-2.02,-1.43,0.41,-0.94,-1.29,0.27,1.846934347,-2.207374395,-1.250378656,-1.39,-2.240970513,0.3961,,,-1.9552908,-0.1733008
2005/11/1,3.61,0.84,-1.2,-0.74,-1.14,0.31,-0.105507261,0.010095682,0.017982252,0.35,3.77488178,3.43914,,,1.3142292,-1.7004825
2005/12/1,-0.25,-0.2,0.22,0.21,0.23,0.32,-1.805825708,1.411646307,0.928938899,0.77,1.877214182,-0.60086,,,-1.2833025,0.3070867
2006/1/1,3.04,5.77,1.09,-0.66,-0.43,0.35,-2.114389734,0.912884824,3.748848428,2.53,3.887010821,0.16546,,,3.9887242,-3.579165
2006/2/1,-0.3,-0.43,-0.37,-0.5,1.9,0.34,-0.942328612,0.644288246,-1.800660214,-1.84,-0.404421217,1.42508,,,-1.0109558,-0.8767792
2006/3/1,1.46,3.4,0.55,0.1,-0.4,0.37,-0.684925697,1.062732823,1.534864991,1.26,5.091538829,-0.72758,,,-0.030445,-1.3697175
2006/4/1,0.73,-0.85,2.34,1.79,-0.01,0.36,-0.944086446,1.331756688,1.0640499,0.61,2.484795419,-0.78234,,,-1.9425917,-0.2228992
2006/5/1,-3.57,-2.86,2.39,1.15,1.46,0.43,0.943713909,0.297332928,-2.99520333,-3.7,-2.876265648,0.52526,,,-2.14319,1.8324258
2006/6/1,-0.35,-0.22,0.8,1.33,-0.08,0.4,0.959518251,0.083157277,1.121471493,1.54,0.369537986,1.03364,,,-1.314995,-0.22907
2006/7/1,-0.78,-3.64,2.62,1.64,0.9,0.4,-0.00999147,2.063374631,-1.170882059,-2.13,-0.706818541,0.28734,,,-2.066605,2.2334583
2006/8/1,2.03,0.42,-2.04,-1.9,2.15,0.42,-0.190870551,-0.458170011,-3.28605031,-3.38,-1.375471712,0.90642,,,-1.7508917,-0.1948192
2006/9/1,1.84,-1.43,0.06,0.86,0.57,0.41,1.271231968,-0.174280188,-1.445462312,-0.96,1.395930931,2.08996,,,3.3550325,-0.42838
2006/10/1,3.23,1.95,-0.26,-0.16,0.28,0.41,-1.071264782,0.468362713,-0.154611208,-0.2,1.606081628,-0.03878,,,0.4853375,-2.0620508
2006/11/1,1.71,0.73,0.11,0.18,-0.83,0.42,-0.602689463,1.477117825,-0.132583048,-1.03,0.951616078,-2.61512,,,-1.96683,-0.2813708
2006/12/1,0.87,-0.8,2.71,-0.71,2.05,0.4,-0.726923719,2.551373794,0.055209917,0.79,3.755872081,1.6215,,,-1.9135225,-1.3756592
2007/1/1,1.4,0.09,-0.7,0.27,0.36,0.44,-0.317930143,1.379381735,1.356811285,0.24,2.675493622,0.45248,,,-1.8629567,1.7483192
2007/2/1,-1.96,1.28,-0.12,-0.5,-0.72,0.38,-0.504378492,1.161295632,-1.274981687,-1.35,-3.43807066,-1.04294,-1.1084133,,1.9248483,-0.9523283
2007/3/1,0.68,0.18,-0.94,0.61,-0.66,0.43,0.234187606,0.081687428,2.066284255,2.56,1.9407305,0.6843,-0.693435,,-1.0714025,0.2400417
2007/4/1,3.49,-2.06,-1.43,1.1,1.05,0.44,-0.177694804,0.866914002,0.042151511,-0.24,5.059296167,1.60696,0.798695,,2.0791025,-0.0785308
2007/5/1,3.24,0.38,-0.62,1.55,-1.36,0.41,0.609298105,-1.033063502,-0.287169726,-0.34,2.176058512,1.0439,-0.0297267,,0.0075625,3.0301267
2007/6/1,-1.96,0.75,-1.07,0.53,0.08,0.4,1.091697189,0.802076298,0.165592168,0.51,2.149909053,-0.44276,0.7081158,,-0.2072333,-0.2390467
2007/7/1,-3.73,-2.98,-3.73,0.19,-1.11,0.4,2.368382528,-0.639242333,2.904324789,2.94,-5.462263729,-0.72998,0.7311433,,-0.3055808,0.4752717
2007/8/1,0.92,-0.38,-1.89,-1.23,-0.54,0.42,1.348623682,-2.914762641,-0.078592676,0.1,-2.284836214,-1.14262,0.9229958,,-3.895455,-0.4675075
2007/9/1,3.22,-2.42,-2.23,-0.56,-3.02,0.32,-0.787326632,1.401893462,3.684332077,4.63,4.1191936,-1.68578,-1.503905,,-2.2753542,-0.6015167
2007/10/1,1.8,-0.04,-3.11,-0.31,-0.12,0.32,0.150350816,0.213639107,6.105792113,5.02,4.940802753,-0.53772,-1.2461675,,0.0507575,-0.6759142
2007/11/1,-4.83,-3.02,-0.94,1.88,-0.27,0.34,3.659358203,-4.024310184,0.909631777,0.99,-2.363603882,-0.35954,1.2921083,,-4.5232617,-1.3765342
2007/12/1,-0.87,0.18,-0.52,0.82,-1.06,0.27,1.769431479,-2.490165198,5.490696979,6.63,2.844547761,0.11502,-1.0026575,,1.5253675,1.4201308
2008/1/1,-6.36,-0.61,4.01,2.21,2.13,0.21,-0.948911986,-2.031792628,-9.437710495,-7.75,-3.257509982,-0.47188,-4.0704508,,0.1488975,-1.9039475
2008/2/1,-3.09,-0.64,-0.84,0.83,-0.93,0.13,2.139175724,2.259118453,7.681453158,6.1,9.391741987,0.70328,-4.4710417,,1.0006942,-2.9390042
2008/3/1,-0.93,0.61,0.35,0.8,0.51,0.17,2.158159906,-6.723646271,2.186702623,4.27,-2.766681411,0.74132,1.1494667,,-0.9557792,-2.0405842
2008/4/1,4.6,-1.19,-1.09,1.68,-2.46,0.18,-1.235959275,-2.125579563,0.968803251,-0.31,-2.175932113,2.46442,-3.6283325,,6.5747225,4.5943217
2008/5/1,1.86,3.02,-1.53,0.91,-0.06,0.18,1.183004828,0.896856588,3.423443124,3.31,0.12203426,0.96608,-3.2143058,,-2.0265417,0.7477158
2008/6/1,-8.44,1.19,-2.7,4.94,-0.56,0.17,3.306084284,0.466776923,11.12757859,12.75,7.928884563,0.96332,-1.7035008,,1.4986383,0.3377125
2008/7/1,-0.77,3.7,5.27,-1.35,1.03,0.15,0.662173889,-6.757902717,-6.560894681,-5.07,-3.506055345,0.6381,4.4913075,,-4.1094417,-6.9150008
2008/8/1,1.53,3.4,1.48,1.88,0.85,0.13,2.533750885,-1.356442568,-5.181938998,-4.02,-3.552090297,-1.17406,1.8899767,,-0.8071317,0.7792425
2008/9/1,-9.24,0.25,5.9,2.41,1.8,0.15,3.414926983,-9.100007882,0.348668057,0.28,-1.483264809,-1.0399,5.4366575,,-4.5490442,-0.4339733
2008/10/1,-17.23,-3.28,-2.22,2.99,2.04,0.08,8.745750786,-5.050103731,7.33118668,7.85,8.952207202,4.07226,3.2332325,,-1.595215,0.0981492
2008/11/1,-7.86,-3.92,-6.3,4.52,2.74,0.03,7.938874779,-3.531701341,6.631482529,7.17,7.972851261,-0.46052,4.6712975,,-0.1357117,-2.6151625
2008/12/1,1.74,3.31,0.07,0.13,-1.51,0,-0.257155199,-7.606794867,-6.185616685,-5.09,6.105732976,1.77928,0.6701133,,-0.2653275,-2.9267367
2009/1/1,-8.12,-2.08,-11.11,0.11,-1.19,0,3.305773242,11.89882543,-1.242444972,-2.18,0.265201687,-0.8296,-4.3113842,,2.0601867,0.8969825
2009/2/1,-10.1,-1.3,-6.91,1.11,-1.05,0.01,5.280763078,-0.33224371,4.576047113,4.41,2.543578059,-1.53208,1.2471183,,-1.1699325,1.7110325
2009/3/1,8.95,0.66,3.34,-2.52,-2.19,0.02,-3.091855774,-2.655768024,-10.24296515,-11.87,-2.225815902,2.81972,-1.6448783,,2.2414275,-1.4763358
2009/4/1,10.18,7.04,5.26,1.28,0.11,0.01,-6.903491655,-7.868079255,-34.62455232,-34.3,-4.470415845,3.61618,-6.1896417,,2.5391408,1.5628433
2009/5/1,5.21,-2.31,0.37,-0.74,-2.2,0,-5.814692545,6.520858814,-14.38158962,-12.49,-7.367454722,0.05738,-1.1636067,,-1.2087158,0.7424167
2009/6/1,0.43,2.31,-2.72,-1.34,-0.31,0.01,3.080484584,9.101821003,5.427997725,5.48,1.50275031,2.04432,-0.6365358,3.7550033,-2.0560367,-3.1567275
2009/7/1,7.72,2.4,4.84,-0.36,3.15,0.01,-4.390597919,-3.619406701,-4.658236442,-5.58,-3.384087086,2.24746,-2.326185,-0.2213642,-0.119005,0.8318425
2009/8/1,3.33,-0.08,7.63,-2.92,3.3,0.01,-6.37256689,-2.273604166,-9.992603428,-9.07,2.061929286,2.25042,-2.7359433,4.1527525,1.1111375,-0.0591208
2009/9/1,4.08,2.72,1.04,1.25,0.35,0.01,-2.516807902,-0.384255216,-5.373939827,-4.79,0.88800636,0.97634,1.5599758,-2.6237508,-1.3384992,1.2785167
2009/10/1,-2.59,-4.92,-4.2,4.17,-1.46,0,5.608828477,0.814698286,1.466946182,2.61,-2.305314755,-1.81824,5.5239225,-0.4506958,-0.2063675,2.5421908
2009/11/1,5.56,-2.68,-0.33,0.98,0.11,0,-0.295726211,-1.203087431,1.389819419,0.3,4.344295286,0.6144,-0.3914275,-1.2374083,2.0875258,-0.6693483
2009/12/1,2.75,6.24,-0.17,1.05,-0.1,0.01,-0.355310363,0.940687239,2.092280526,3.02,-1.511554245,0.7834,-0.0309575,-0.3538292,1.7812533,1.1528142
2010/1/1,-3.36,0.35,0.43,-1.23,0.44,0,-0.480361178,1.005128099,-4.840264267,-5.4,-4.633325109,1.81244,-1.3690992,-0.3491267,-1.9463492,-1.8947708
2010/2/1,3.4,1.51,3.22,-0.28,1.4,0,-0.718328188,0.721818563,3.753112226,3.74,2.076070794,-0.27738,-1.2559317,0.0534242,-0.9351125,0.5553367
2010/3/1,6.31,1.85,2.21,-0.63,1.67,0.01,-2.99963945,1.544272009,3.880306735,3.76,5.142048576,3.10172,-1.1033492,2.0364075,-0.7796817,-2.1646058
2010/4/1,2,4.98,2.89,0.7,1.74,0.01,-3.527804865,1.485585241,2.547299049,3.16,2.148777005,0.04472,-1.6123358,-2.5660992,0.6442283,2.7588833
2010/5/1,-7.89,0.04,-2.44,1.27,-0.23,0.01,2.44117674,-0.565103065,-0.466558082,-0.25,-5.149217469,0.91052,1.6467883,-0.811515,-0.8329583,1.71609
2010/6/1,-5.57,-2.47,-4.7,-0.18,-1.55,0.01,2.632494353,2.309941418,-2.567992499,-2.76,1.177912617,-0.41222,0.5633958,-1.1441875,-3.1227517,-1.1080317
2010/7/1,6.93,0.16,-0.3,0.26,1.99,0.01,-1.900062201,-2.306663607,1.736794274,1.83,-0.8803078,-1.24336,0.4684233,-0.7020325,-2.8605958,0.8049767
2010/8/1,-4.77,-3.11,-1.96,0.58,-1.66,0.01,1.107998578,1.617344983,1.237404552,-0.06,5.780775158,0.24198,0.9058508,-3.7002542,-3.1860475,-1.9452242
2010/9/1,9.54,3.76,-3.17,-0.19,0.37,0.01,-0.299223045,-1.188257465,0.715307115,1.41,1.169191852,2.19916,-1.2325325,0.7832017,0.1839283,2.3208767
2010/10/1,3.88,0.86,-2.49,1.27,-0.31,0.01,0.269539278,2.061708549,1.05772691,1.58,2.103197524,0.88686,0.9957625,-0.6035392,-1.8206908,-1.8400492
2010/11/1,0.6,3.66,-0.88,0.4,1.51,0.01,-0.657055613,-0.513044153,2.344794657,2.66,-0.688888049,-0.8471,-2.5508467,-4.4200958,1.6021025,3.5308383
2010/12/1,6.82,0.98,3.78,-3.53,3.16,0.01,-4.631400332,-0.131193538,-2.80424536,-3.03,4.525918281,0.62304,-2.4195,0.3834375,2.7777883,-0.0319158
2011/1/1,1.99,-2.37,0.77,-0.65,0.83,0.01,-0.803503573,3.020219235,-0.495160443,-0.29,-0.671276907,-0.11582,-0.7239183,-0.839775,3.2880983,1.9224708
2011/2/1,3.49,1.61,1.24,-1.93,0.87,0.01,-1.379716329,0.698054276,1.995991135,1.99,4.161477368,1.5853,-0.8206983,-2.3298858,0.8828992,0.288075
2011/3/1,0.46,2.64,-1.88,1.79,0,0.01,1.271470226,0.42728217,2.873876428,3.4,-1.636453741,-1.34288,0.4616883,-2.1721375,-1.5628117,0.8128083
2011/4/1,2.9,-0.5,-2.48,1.08,-0.85,0,1.441648049,0.54860885,0.092700304,0.04,5.135936556,1.37666,3.4589675,-0.2227108,-2.9553808,2.1609125
2011/5/1,-1.27,-0.71,-2,1.88,-1.46,0,2.892977891,1.417710944,-0.4103368,-0.62,-1.224647078,-0.78054,0.313395,1.3961233,-3.1171067,-1.2079825
2011/6/1,-1.75,0.13,-0.38,2.44,-1.48,0,2.873573095,0.410826187,1.869861735,1.78,-2.422293107,0.37926,1.6532033,-0.604285,0.6972025,0.4056217
2011/7/1,-2.35,-1.22,-0.91,2.73,-1.78,0,0.653620642,-0.411210033,0.826878809,0.16,1.875710851,0.09724,-3.0286525,-0.1811392,-1.5228033,0.8527733
2011/8/1,-5.99,-3.22,-2.4,3.3,-0.31,0.01,5.954380634,0.757581275,0.048953585,-0.28,2.634213492,-1.222,2.515215,-0.2531375,-4.0251233,-0.6402983
2011/9/1,-7.59,-3.67,-1.75,2.03,0.21,0,6.572188013,2.035946281,-1.990362941,-2.42,-9.458496117,-2.31006,4.8643417,3.3167358,-0.8092317,-0.8890708
2011/10/1,11.35,3.48,0.12,-2.14,-0.87,0,-4.185523281,-5.990872722,-1.318437169,-1.43,-1.81187789,5.00456,-3.7368917,-2.5870333,2.5458308,-0.016575
2011/11/1,-0.28,-0.28,-0.46,1.83,1.51,0,3.056418016,0.616789857,3.922126897,3.85,2.466170856,-1.21662,-1.08995,-2.9509992,-3.2926225,-0.1414675
2011/12/1,0.74,-0.33,1.61,1.01,2.49,0,0.861725743,1.250209301,2.281144475,1.81,1.318321782,0.28238,0.3322617,1.4696583,-1.0233783,-1.0761167
2012/1/1,5.05,2.07,-0.94,-2.01,-1.46,0,-3.612174994,0.684720344,-7.024588103,-7.93,-0.623208665,1.76888,-2.0838567,2.2236592,5.8726667,-1.86125
2012/2/1,4.42,-1.71,0.43,-0.47,-0.04,0,-0.89659042,2.563271149,-0.010211236,-0.29,-2.148795717,1.29502,-2.5619783,3.8775042,-1.7799467,-1.42363
2012/3/1,3.11,-0.49,1.12,-0.55,0.69,0,0.574034962,3.942259312,2.214812675,1.3,0.209847916,-0.14348,-1.4002842,6.7341925,-2.0010425,0.5690833
2012/4/1,-0.85,-0.54,-0.77,1.31,0.69,0,0.494762818,2.896945024,3.264935269,3.75,3.649076402,-1.06916,1.694925,-1.266955,-1.2918317,1.0311542
2012/5/1,-6.19,-0.1,-1.06,2.1,2.34,0.01,3.12707624,2.34942522,6.791942417,6.49,10.72342152,-3.3191,1.5671075,-0.0560833,-2.583895,-0.6901442
2012/6/1,3.89,0.81,0.59,-1.07,0.44,0,-0.618486252,1.070465278,-0.596109879,-1.06,-6.360187517,2.79214,-0.0517092,-0.5421108,-0.6699467,-0.6516233
2012/7/1,0.79,-2.76,-0.12,1.13,0.03,0,0.637207839,1.057255993,3.158187126,3.02,1.813262411,2.13094,0.5487975,-1.4715367,0.5083025,0.5567592
2012/8/1,2.55,0.45,1.3,-1.33,-0.88,0.01,-0.540811097,-0.872378276,-2.717790661,-2.37,-1.74694676,1.70094,-0.0689033,2.74223,2.64704,-2.1497433
2012/9/1,2.73,0.64,1.58,-1.51,1.51,0.01,-1.195494956,0.774486791,-1.799204547,-1.14,-3.761180117,1.0494,-2.0673158,-0.2634225,1.532505,1.4540325
2012/10/1,-1.76,-0.91,3.56,-1.34,2.55,0.01,-2.133461064,2.009801606,0.514286828,0.14,-1.13961572,0.00152,-3.5789725,-1.4234192,-0.0907967,-0.3859533
2012/11/1,0.78,0.44,-0.83,0.65,0.86,0.01,1.297004888,-1.358089796,0.415727399,0.49,-0.264900134,1.29058,-0.366355,1.5841758,-1.6651225,-2.1886075
2012/12/1,1.18,1.92,3.53,-1.86,0.86,0.01,-2.433943977,-1.059351483,-2.048710534,-2.86,1.038525071,0.42444,-1.279745,-0.4513617,3.0222333,-1.1204467
2013/1/1,5.57,0.46,0.95,-1.93,1.43,0,-2.070508167,4.393573613,-0.974997123,-1.79,0.809576908,1.07048,-2.5863875,-2.4530667,-1.1485742,0.1512467
2013/2/1,1.29,-0.29,0.1,-0.66,0.57,0,0.494449668,1.869720176,2.057578979,1.29,1.866062035,1.4644,0.6675658,0.6692142,-0.9570975,-0.9874675
2013/3/1,4.03,0.87,-0.23,0.13,1.37,0,-0.435960136,2.333859097,1.832616189,1.92,1.269830131,-0.27046,-1.0603467,0.1337217,0.2466275,0.0432658
2013/4/1,1.55,-2.24,0.5,0.27,0.39,0,-0.990792163,1.677056078,1.078809987,0.22,6.076885231,0.20936,-0.2319942,2.50109,-3.0219217,1.1294725
2013/5/1,2.8,2.08,2.67,-1.99,-0.93,0,0.217369455,-1.500337186,-1.278230686,-2.02,-2.224366934,-0.04198,1.0653667,3.4830267,3.5481283,-2.8590558
2013/6/1,-1.2,1.56,0.05,-0.39,0.01,0,1.358378922,2.09087002,0.657264592,0.52,0.531472007,-1.19116,-0.9961475,-0.2240808,0.2879308,1.3598783
2013/7/1,5.65,1.81,0.57,-1.35,0.53,0,-1.040945133,1.803798622,1.377711547,1.75,3.402208044,1.61164,-1.6062967,1.5696567,2.3793058,-1.8698142
2013/8/1,-2.71,-0.07,-2.68,0.67,-2.16,0,0.870150202,-0.375546116,-0.414073429,0.02,-0.778663641,0.19584,1.7547525,-0.2765983,0.3599467,0.7885092
2013/9/1,3.77,2.65,-1.23,-0.56,-1.4,0,-0.831688503,0.764109431,3.098029508,3.07,-1.44524044,0.53426,-0.8110292,0.2572567,-1.0241708,-0.8211575
2013/10/1,4.18,-1.5,1.26,2.76,0.92,0,1.513419473,2.878368685,0.797442539,0.08,2.453962136,1.71766,1.1617708,0.2318742,-1.2340267,1.0870025
2013/11/1,3.13,1.4,0.28,0.16,0.04,0,1.526057144,1.943423892,1.821374063,0.44,3.638301187,-1.0734,-0.6720333,3.53845,2.8510342,0.2407825
2013/12/1,2.81,-0.44,-0.01,-0.46,0.08,0,-1.434177393,0.268073018,1.136898859,0.02,1.936951759,-0.79098,0.8683142,-0.6124225,-0.415995,-0.6994908
2014/1/1,-3.32,0.59,-2.02,-3.88,-1.43,0,-3.657366257,2.046073548,0.760036185,1.71,-4.824889445,0.88116,-0.6907508,-0.6724167,0.9432433,-0.9162825
2014/2/1,4.65,0.16,-0.31,-0.23,-0.48,0,-0.724249323,-0.178525469,1.342607874,2.07,-0.869465284,0.9269,0.2051642,-0.4207375,0.7200192,-0.0104942
2014/3/1,0.43,-1.13,4.92,2.11,1.98,0,1.614876101,1.584023226,-1.939629977,-3.29,1.164568827,0.51982,0.047995,-1.0196275,-1.1858867,0.8650042
2014/4/1,-0.19,-4.13,1.14,3.45,1.03,0,0.362227529,0.208635793,-4.314370552,-3.89,-0.072206283,0.54218,2.0564433,-3.5018725,-1.8015125,-0.8283667
2014/5/1,2.06,-1.89,-0.13,0.05,-1.01,0,0.215495833,1.067657553,1.182927876,0.88,-0.268123805,1.98424,0.747155,1.2461125,-0.66736,1.1971642
2014/6/1,2.61,3.1,-0.69,-1.88,-1.99,0,-1.820472535,-0.38213416,0.609089453,0.69,2.437488031,0.3749,-0.6655442,-1.9002942,2.2449642,1.3630983
2014/7/1,-2.04,-4.28,0.02,0.89,0.49,0,1.110846501,1.011514012,-0.077490335,-0.14,-0.586154383,-0.59506,2.2570458,3.6825325,0.3492967,-1.5845
2014/8/1,4.24,0.3,-0.43,-0.62,-0.68,0,-0.260249321,1.7293056,0.96279138,0.82,3.387584129,0.97566,0.1202083,-0.12292,1.08125,-1.1560892
2014/9/1,-1.97,-3.73,-1.35,1.31,-0.5,0,3.568433254,2.467291838,1.112972308,0.5,3.941104142,-0.17586,0.8333083,3.7610742,-1.9768433,-3.5909633
2014/10/1,2.52,3.75,-1.83,-0.48,-0.12,0,4.248473791,2.088104794,-0.146463759,-0.06,0.840504789,-1.024,0.6880533,3.4851925,-1.8946583,-7.0176675
2014/11/1,2.55,-2.26,-3.09,1.54,0.25,0,2.793055836,2.364990113,0.886206115,0.68,8.480329611,0.67086,1.3657583,5.5120475,-0.360615,-2.6687533
2014/12/1,-0.06,2.87,2.27,-1.22,0.95,0,0.244737861,0.283040902,1.084686448,1.12,4.584863133,-2.35314,-1.4995058,-0.667505,3.260375,-1.0953733
2015/1/1,-3.11,-0.9,-3.61,1.64,-1.68,0,-1.104141606,2.627117095,5.3453699,3.85,12.94912388,-0.02306,0.0254508,-1.3698833,-3.1476367,-1.4181025
2015/2/1,6.13,0.3,-1.86,-1.12,-1.78,0,0.478518599,-2.069760247,-3.255226316,-2.8,-2.405418353,2.39184,-0.2807433,4.0218358,0.4692125,-0.1466408
2015/3/1,-1.12,3.1,-0.41,0.15,-0.54,0,0.110926473,1.406169955,3.423543564,2.74,5.858350222,1.06206,-2.0563258,0.4033567,3.2549283,-2.1895333
2015/4/1,0.59,-3.07,1.83,0.01,-0.64,0,-1.112727589,-2.162725132,-7.889063688,-7.27,-6.5851652,-0.19822,2.0542875,-0.9231458,-0.3960967,7.0843992
2015/5/1,1.36,0.82,-1.12,-1.77,-0.72,0,0.263546161,2.672490123,6.40387924,5.83,1.395542571,0.15514,-0.2559833,4.1625592,-0.1043142,-4.5099842
2015/6/1,-1.53,2.89,-0.78,0.43,-1.56,0,2.451910678,1.969596742,3.412953851,3.02,-5.779327993,-3.47188,-1.9411225,3.2890975,-0.169385,-1.9460867
2015/7/1,1.54,-4.58,-4.07,0.34,-2.47,0,1.860524639,5.497710205,10.40998349,10.06,8.74038404,1.91578,-2.8371625,5.3260867,-4.3095083,-2.3842558
2015/8/1,-6.04,0.27,2.8,0.64,1.27,0,1.825063309,-1.535228095,-1.702549213,-2.08,-1.765704237,-3.16442,-0.0829442,-1.8212583,-0.575945,0.5492483
2015/9/1,-3.07,-2.78,0.58,1.83,-0.57,0,5.606555699,5.639492702,7.082867679,5.24,3.058315125,-0.97098,1.8774442,2.7057467,-3.2355858,1.4063233
2015/10/1,7.75,-2.06,-0.45,0.86,0.53,0,0.230149333,-1.034433964,-2.978102395,-3.26,-0.661309877,2.25882,0.5633967,-0.4362908,-3.6427325,3.9352867
2015/11/1,0.56,3.31,-0.38,-2.72,-1.02,0,0.734892236,1.339930579,2.880363836,2.29,4.290957175,1.81702,0.2610683,1.8648217,3.8453308,0.00837833
2015/12/1,-2.17,-2.97,-2.59,0.47,0.02,0.01,1.294354256,2.573891511,4.017783974,3.35,-0.357731731,0.38648,-0.5074117,2.7961733,-2.371105,-1.808705
2016/1/1,-5.77,-3.42,2.07,2.81,3.09,0.01,7.857361345,0.721399413,2.559928988,1.39,2.881698379,0.63364,1.1446708,-1.9587783,-5.9022358,-1.4869525
2016/2/1,-0.08,0.93,-0.57,3.32,1.96,0.02,2.292412477,-0.607641608,-4.787596972,-4.26,1.697063336,1.58226,2.5078225,-3.0770633,-0.9726125,-2.1308075
2016/3/1,6.96,1.01,1.1,0.73,-0.02,0.02,-2.230542942,-2.433818504,-5.394362148,-5.04,-5.237201003,-0.13266,2.5660067,-1.7730692,0.6308525,2.7036092
2016/4/1,0.92,1.15,3.21,-2.92,1.89,0.01,-4.921783193,-2.611953275,-6.102589173,-6.07,-4.808967047,0.0891,-2.9043617,-4.0464133,2.5355267,5.271435
2016/5/1,1.78,-0.64,-1.65,-1.09,-2.49,0.01,0.526482494,2.22755777,2.388337147,1.37,1.176454672,0.89828,-1.1118417,2.8638917,1.1018142,0.4892675
2016/6/1,-0.05,0.43,-1.45,1.46,1.94,0.02,0.771703495,2.893925588,4.845833491,4.13,7.082430627,-0.06896,0.6606217,-4.9939358,-3.690975,0.3965408
2016/7/1,3.95,2.49,-1.29,1.25,-1.17,0.02,-0.097670523,2.32770773,-2.506774481,-3.32,-0.845000023,3.03124,0.4643992,3.7763233,3.0238,-1.283525
2016/8/1,0.5,1.69,3.11,-1.89,-0.34,0.02,0.173065682,-1.84161146,-3.480386012,-3.49,-1.696748927,0.1188,0.4284425,1.8065725,0.9234758,0.7898217
2016/9/1,0.25,1.87,-1.21,-2.23,0.02,0.02,-3.144950259,-0.165754008,-0.316262118,0.15,1.316742378,-0.64778,-0.0452958,-1.2727533,-0.467505,1.7101967
2016/10/1,-2.02,-4.05,4.12,0.96,0.23,0.02,2.796980871,1.099780701,0.452196992,0.6,-3.46826245,1.0793,1.7342583,1.9624975,-3.6525708,1.2396383
2016/11/1,4.86,7.03,8.21,-0.17,3.7,0.01,0.619131617,-1.62424865,-3.798793485,-4.62,-4.935047765,1.45066,-2.0091608,-1.0135067,6.7965958,1.0299783
2016/12/1,1.82,0.4,3.6,1.24,-0.23,0.03,1.543026827,3.764882735,-0.525471417,-0.25,-4.033866532,0.1318,0.7845542,0.0217475,-0.98401,0.0704892
2017/1/1,1.94,-1.42,-2.74,-0.5,-0.98,0.04,-2.608835129,0.070509604,-0.313186369,-0.94,0.442382905,0.4445,0.4976308,1.9179158,-0.6246492,1.1119508
2017/2/1,3.57,-2.23,-1.67,0.43,-1.84,0.04,1.287128499,1.865686721,-1.70284561,-1.6,3.956472738,1.6782,1.1828475,3.963685,-2.1861525,-3.0681708
2017/3/1,0.17,0.74,-3.33,0.63,-0.94,0.03,0.821745724,1.330376496,-0.875173095,-1.03,-1.727456822,1.63096,1.3374767,0.174255,-1.8273858,0.0117925
2017/4/1,1.09,0.47,-2.13,1.92,-1.62,0.05,2.415393284,2.046784537,0.134836292,0.48,-2.444220609,0.1351,0.1014125,1.4067642,-0.3267042,-0.2472692
2017/5/1,1.06,-3.03,-3.75,0.95,-1.8,0.06,2.25928166,2.294135909,1.939424123,1.5,0.560113968,0.79686,3.23629,1.7869033,-3.8424192,-0.0799992
2017/6/1,0.78,2.57,1.49,-2.26,0,0.06,-1.390983532,-0.026413213,-0.378499896,-0.09,-1.07887834,-1.41946,-1.494705,1.672225,1.0920842,-3.7658425
2017/7/1,1.87,-1.62,-0.22,-0.59,-0.15,0.07,-0.714879722,0.188442743,1.862643921,1.62,-0.143790446,-0.50626,0.910675,1.4398917,3.93246,1.0478208
2017/8/1,0.16,-1.82,-2.07,0.12,-2.35,0.09,-0.334584593,-0.083218884,3.21939513,3.29,-0.348514688,2.09522,2.5496958,1.2828225,-0.3349092,-1.4326625
2017/9/1,2.51,4.74,3.09,-1.5,1.63,0.09,-0.333887185,-0.191250243,-1.444545525,-1.32,2.150986104,0.29612,-2.24395,-2.9448892,2.8989258,1.5009075
2017/10/1,2.25,-1.95,0.22,0.85,-3.23,0.09,2.159701636,0.262942881,5.408748981,4.28,2.424441679,2.33016,3.04212,1.3752142,2.36463,2.8652592
2017/11/1,3.12,-0.35,-0.05,3.17,-0.1,0.08,2.25690507,1.997585963,-0.018041911,-0.87,-1.382664051,-0.04032,-1.6665908,0.2098283,-0.74978,-0.1601825
2017/12/1,1.06,-1.07,0.03,0.75,1.66,0.09,-1.560124626,0.476583151,-2.404780536,-1.55,4.28796167,0.80352,-1.6049375,-0.8567133,-2.4018125,0.477915
2018/1/1,5.58,-3.25,-1.36,-0.72,-1.01,0.11,0.896554228,-0.038106324,3.689327397,4.05,1.672160363,-1.057534199,0.420215,4.5588258,3.3935708,6.1400858
2018/2/1,-3.65,0.32,-1.03,0.56,-2.32,0.11,1.686518862,-1.948468539,4.054999706,3.57,-5.457861467,-1.763994094,3.6912808,4.3850083,2.6113692,0.2226308
2018/3/1,-2.35,3.59,-0.23,-0.48,0,0.12,-0.261475727,2.460876506,-0.954559476,-1.14,-1.340075219,0.578921858,-0.7408533,-3.4614867,-1.6025775,1.5084133
2018/4/1,0.29,0.91,0.48,-2.41,1.26,0.14,-1.426706314,0.087941707,-1.222732278,0.36,0.95359698,2.490487436,-1.038615,-2.43539,6.129195,5.9387308
2018/5/1,2.65,4.79,-3.13,-2.05,-1.48,0.14,-0.59409232,0.618655163,2.473911737,3.87,-2.109834487,0.558115901,1.1174375,-0.66537,2.1006225,2.1007533
2018/6/1,0.48,0.81,-2.33,0.82,0.21,0.14,0.773063056,2.423173856,-2.24042189,-2.33,-0.073753614,1.473208092,-1.2036575,0.2968533,-0.0371092,1.0223008
2018/7/1,3.19,-1.95,0.45,1.53,0.36,0.16,1.523340371,-0.368532082,-1.434563483,-1.43,-0.276680264,-0.860237406,2.815055,0.2435592,0.0868542,-2.0117392
2018/8/1,3.44,0.63,-3.98,-0.29,-2.64,0.16,0.382543491,-1.225661414,4.810672811,5.28,2.74199598,-0.273265792,2.2157183,4.6277983,7.4072517,2.2886775
2018/9/1,0.06,-2.5,-1.7,0.67,1.28,0.15,0.270556135,-0.617811734,0.128755502,0.03,-1.483479377,0.680773897,0.6599042,0.2152017,-0.5634583,0.4664483
2018/10/1,-7.68,-4.5,3.43,1,3.54,0.19,3.644601818,2.115598337,-1.419316669,-2.06,-0.533356342,-1.533564847,0.4624725,1.73875,-5.6713083,-2.89703
2018/11/1,1.69,-0.76,0.26,-0.62,0.4,0.18,2.209989817,-0.100485049,-0.981235788,-1.41,-2.557524857,-2.600128149,-1.6970983,-1.8553633,1.4213442,-0.3405017
2018/12/1,-9.55,-2.91,-1.9,-0.03,0.2,0.19,1.460813081,-0.039520272,2.501588205,2.12,-0.449451577,-3.421279815,1.3719492,-0.1905742,2.66303,-0.6079133
2019/1/1,8.41,3.01,-0.44,-0.78,-1.53,0.21,-3.649077207,-0.641835476,-7.126306016,-8.65,-6.057801073,1.301733937,-2.29757,0.7356,0.2627942,1.7763333
2019/2/1,3.4,1.73,-2.68,0.21,-1.61,0.18,-0.24329846,0.013440464,0.349542782,0.85,-0.481676929,2.4014568,1.5865667,0.7253492,-1.5488892,-2.4553458
2019/3/1,1.1,-3.46,-4.05,0.78,-0.99,0.19,-0.869827814,0.282655648,2.806001102,2.16,5.797930004,-0.975908348,3.1336725,-0.5788625,-1.4485042,0.7149233
2019/4/1,3.96,-1.17,2.17,1.66,-2.24,0.21,2.260249387,-0.136285998,-2.296898904,-2.96,-0.309110491,2.230234781,,,,
2019/5/1,-6.94,-1.59,-2.37,-0.5,1.74,0.21,-0.400885495,4.23878917,8.470538649,7.56,5.725977522,-3.661744895,,,,
2019/6/1,6.93,0.32,-0.71,0.88,-0.48,0.18,0.103489603,-0.046732515,-1.518679805,-2.23,-0.38682895,0.932432587,,,,
2019/7/1,1.19,-1.78,0.42,-0.07,0.37,0.19,1.721401632,2.122831374,2.993622817,2.9,2.654999527,1.164934743,,,,
2019/8/1,-2.58,-3.21,-4.95,0.55,-0.69,0.16,0.603595929,2.380634321,7.080193361,7.47,10.16849514,-0.003967098,,,,
2019/9/1,1.43,0.27,6.83,1.84,3.36,0.18,1.603902992,-1.16283075,-5.176116252,-6.81,-5.752403481,1.860239071,,,,
2019/10/1,2.06,0.26,-1.93,0.44,-0.96,0.15,0.07723276,-0.417740332,1.248082519,0.19,-3.912090662,0.350506954,,,,
2019/11/1,3.87,0.45,-2.02,-1.59,-1.25,0.12,-1.987938993,-2.833624893,-2.256149215,-2.63,-0.134658234,0.342935559,,,,
2019/12/1,2.77,0.97,1.79,0,1.22,0.14,-2.533306902,-0.296808885,-2.636637895,-1.88,-2.846350085,0.669267134,,,,
2020/1/1,-0.11,-4.38,-6.24,-1.18,-2.32,0.13,-1.341277557,4.167153221,6.581999624,6.03,1.665685606,-0.484470067,,,,
2020/2/1,-8.13,0.02,-3.79,-1.47,-2.51,0.12,-1.417152706,-3.604801297,0.507094753,-0.36,1.230344417,-1.860088072,,,,
2020/3/1,-13.38,-8.32,-14.02,-1.51,1.26,0.12,7.015419781,-9.644358709,7.471487193,8.16,9.079176697,-7.53023755,,,,
2020/4/1,13.65,2.58,-1.18,2.7,-1.01,0,-2.884576437,-1.791345902,-8.6879353,-5.39,-1.373409762,1.628934348,,,,
2020/5/1,5.58,1.97,-4.8,0.96,-3.25,0.01,-2.813568151,4.447826753,-1.193331516,0.35,-4.325502593,-1.729613505,,,,
2020/6/1,2.46,1.96,-2.04,0.09,0.53,0.01,-1.02665825,5.083334181,-1.039558661,-0.78,-1.644397631,-0.121557597,,,,
2020/7/1,5.77,-3.17,-1.53,0.36,0.9,0.01,0.485949119,6.488116227,6.948654327,7.61,-2.701796406,-0.932679872,,,,
2020/8/1,7.63,-0.91,-2.92,4.36,-1.32,0.01,0.430279832,-3.981332292,-0.151900982,0.41,-2.455674934,0.074293368,,,,
2020/9/1,-3.63,-0.01,-2.61,-1.38,-1.83,0.01,0.0638963,1.293644395,3.537449891,3.17,-2.006142404,-0.119964415,,,,
2020/10/1,-2.1,4.67,4.16,-0.93,-0.75,0.01,1.02566406,-2.00846308,-2.023446862,-3.1,0.206654873,0.531177688,,,,
2020/11/1,12.47,7.01,2.13,-2.11,1.38,0.01,-9.070873757,-5.059978913,-16.83483319,-12.45,-7.480184429,2.450506733,,,,
2020/12/1,4.63,4.72,-1.43,-1.97,-0.08,0.01,-1.136435018,5.366907232,-0.927760093,-2.26,3.736516317,-1.589918981,,,,
2021/1/1,-0.03,6.77,2.99,-3.62,4.77,0,-4.725312535,10.72043203,-0.501477803,4.52,-0.983518574,0.762076907,,,,
2021/2/1,2.78,4.52,7.18,0.45,-1.89,0,0.328802305,-1.92845077,-7.552345372,-7.93,-4.525694878,1.528139863,,,,
2021/3/1,3.08,-0.92,7.41,6.35,3.48,0,4.766645124,-2.979721922,-4.518481743,-6.11,-0.063771843,1.876175094,,,,
2021/4/1,4.93,-3.09,-0.93,2.3,-2.79,0,2.15566638,0.324674482,0.899644779,1.14,4.421424246,1.909962624,,,,
2021/5/1,0.29,1.2,7.04,2.34,3.1,0,1.679259178,-0.744475689,1.146850295,0.88,2.927894794,0.629719881,,,,
2021/6/1,2.75,-0.24,-7.76,-2.14,-0.99,0,-2.386312606,0.258618578,2.734934828,2.24,-3.899216116,1.358463976,,,,
2021/7/1,1.27,-4.56,-1.75,5.37,-0.55,0,6.773336412,3.770762042,-2.837012464,-2.29,-3.482193441,0.834627575,,,,
2021/8/1,2.9,-0.79,-0.13,-0.26,-1.67,0,-0.253650265,0.413610808,2.115689353,2.52,1.307778086,,,,,
2021/9/1,-4.37,1.25,5.09,-1.94,2.08,0,-1.902527318,-2.252826616,1.855839814,1.57,1.079760843,,,,,
2021/10/1,6.65,-2.69,-0.44,1.74,-1.48,0,1.918425333,1.364075498,3.94996404,3.21,6.435551261,,,,,
2021/11/1,-1.55,-1.74,-0.52,7.38,1.6,0,5.594688912,0.562617418,1.627323279,0.82,-11.4802224,,,,,